customer_id,segment,region,joined_on
C-0001,home,north,2024-10-18
C-0002,home,west,2023-11-17
C-0003,trade,west,2025-09-27
C-0004,home,west,2020-04-05
C-0005,home,east,2024-08-29
C-0006,business,west,2023-02-28
C-0007,business,north,2024-12-02
C-0008,home,west,2022-05-22
C-0009,home,east,2026-05-24
C-0010,home,north,2023-11-24
C-0011,home,west,2025-09-24
C-0012,trade,west,2025-11-22
C-0013,home,east,2025-01-16
C-0014,business,north,2024-11-30
C-0015,home,north,2020-08-10
C-0016,home,west,2026-02-20
C-0017,home,south,2024-07-26
C-0018,home,east,2024-06-04
C-0019,home,west,2022-08-12
C-0020,home,north,2022-03-06
C-0021,home,west,2025-11-10
C-0022,home,east,2021-05-27
C-0023,home,west,2024-05-24
C-0024,trade,east,2022-06-01
C-0025,home,west,2020-04-06
C-0026,home,south,2024-03-29
C-0027,business,,2024-07-14
C-0028,home,west,2021-05-06
C-0029,home,north,2019-04-27
C-0030,trade,south,2020-02-04
C-0031,home,north,2026-02-15
C-0032,home,east,2026-04-15
C-0033,home,west,2022-09-04
C-0034,home,south,2024-06-19
C-0035,business,east,2024-10-27
C-0036,trade,east,2025-09-25
C-0037,home,south,2023-07-17
C-0038,home,west,2020-05-08
C-0039,trade,east,2019-09-27
C-0040,business,west,2019-06-13
C-0041,home,west,2022-07-26
C-0042,business,south,2025-07-28
C-0043,home,south,2024-12-27
C-0044,home,west,2019-12-10
C-0045,home,south,2026-06-03
C-0046,trade,south,2024-03-24
C-0047,home,south,2019-05-23
C-0048,trade,south,2020-09-15
C-0049,home,west,2021-03-31
C-0050,trade,,2023-06-17
C-0051,home,east,2021-02-13
C-0052,trade,west,2022-05-22
C-0053,home,west,2024-12-26
C-0054,home,north,2022-03-26
C-0055,trade,north,2021-10-03
C-0056,home,south,2023-09-27
C-0057,business,south,2023-02-09
C-0058,trade,north,2021-08-03
C-0059,home,south,2022-04-22
C-0060,home,north,2020-08-25
C-0061,trade,west,2020-03-29
C-0062,trade,,2021-03-29
C-0063,home,north,2022-04-07
C-0064,home,north,2019-11-13
C-0065,home,west,2022-01-16
C-0066,home,,2022-08-21
C-0067,home,east,2025-06-15
C-0068,home,north,2026-01-22
C-0069,trade,south,2022-09-15
C-0070,home,east,2020-07-02
C-0071,trade,west,2021-12-25
C-0072,home,north,2024-01-22
C-0073,home,east,2022-11-13
C-0074,trade,west,2022-06-29
C-0075,home,east,2019-05-23
C-0076,business,north,2020-12-24
C-0077,home,east,2020-07-27
C-0078,home,south,2023-12-04
C-0079,home,west,2023-06-21
C-0080,home,south,2020-07-25
C-0081,home,west,2025-03-26
C-0082,home,east,2019-05-07
C-0083,home,east,2023-11-06
C-0084,home,south,2020-03-01
C-0085,home,east,2026-06-15
C-0086,trade,north,2019-10-17
C-0087,home,west,2021-11-19
C-0088,home,west,2020-11-07
C-0089,home,south,2023-03-14
C-0090,trade,east,2023-05-13
C-0091,home,west,2024-04-17
C-0092,home,west,2020-12-08
C-0093,home,east,2019-03-22
C-0094,home,south,2019-08-01
C-0095,home,east,2023-05-05
C-0096,business,south,2019-05-15
C-0097,trade,east,2025-09-10
C-0098,home,south,2024-12-14
C-0099,business,north,2020-05-03
C-0100,home,north,2022-08-23
C-0101,trade,south,2021-04-16
C-0102,home,west,2020-08-30
C-0103,home,north,2026-03-23
C-0104,trade,south,2023-02-24
C-0105,trade,south,2019-06-29
C-0106,home,north,2020-06-20
C-0107,trade,east,2019-11-16
C-0108,home,south,2021-12-11
C-0109,home,west,2022-10-27
C-0110,home,east,2022-02-08
C-0111,home,,2023-01-23
C-0112,home,west,2023-03-09
C-0113,trade,north,2023-01-12
C-0114,trade,,2022-08-30
C-0115,trade,south,2021-09-11
C-0116,home,west,2024-09-10
C-0117,home,west,2021-05-13
C-0118,home,west,2023-02-02
C-0119,trade,,2025-10-11
C-0120,home,west,2020-08-04
C-0121,home,east,2020-06-25
C-0122,home,east,2025-04-10
C-0123,home,north,2020-10-08
C-0124,home,north,2023-08-23
C-0125,home,west,2022-11-08
C-0126,trade,,2026-04-05
C-0127,home,east,2026-06-07
C-0128,home,east,2022-02-26
C-0129,home,west,2025-08-27
C-0130,trade,east,2024-07-30
C-0131,home,north,2021-08-17
C-0132,home,west,2021-07-04
C-0133,home,east,2026-02-23
C-0134,home,north,2019-04-16
C-0135,home,west,2021-08-15
C-0136,home,west,2020-02-09
C-0137,home,south,2025-10-07
C-0138,home,south,2021-03-28
C-0139,business,east,2024-06-10
C-0140,home,east,2024-08-21
C-0141,trade,west,2019-07-29
C-0142,home,south,2024-05-22
C-0143,home,west,2024-11-27
C-0144,trade,east,2019-11-20
C-0145,business,north,2026-01-27
C-0146,home,east,2024-08-24
C-0147,home,south,2023-03-14
C-0148,trade,west,2022-01-18
C-0149,home,south,2025-12-29
C-0150,home,south,2025-01-24
C-0151,home,west,2022-03-13
C-0152,trade,west,2023-03-29
C-0153,home,south,2025-03-17
C-0154,business,south,2020-10-10
C-0155,trade,north,2025-08-02
C-0156,home,south,2022-07-09
C-0157,home,east,2025-03-22
C-0158,home,south,2021-03-30
C-0159,home,west,2026-02-22
C-0160,home,east,2024-12-06
C-0161,trade,west,2020-03-11
C-0162,Trade,north,2020-10-17
C-0163,home,north,2019-10-25
C-0164,home,east,2022-01-17
C-0165,trade,south,2020-12-30
C-0166,home,south,2021-05-25
C-0167,home,south,2024-09-15
C-0168,trade,west,2023-11-28
C-0169,trade,east,2021-07-04
C-0170,business,west,2025-12-18
C-0171,home,south,2021-07-12
C-0172,home,south,2026-02-20
C-0173,home,west,2021-06-11
C-0174,business,south,2019-07-03
C-0175,home,east,2026-04-10
C-0176,home,west,2025-01-02
C-0177,trade,west,2023-02-18
C-0178,home,east,2021-08-28
C-0179,home,north,2025-12-26
C-0180,home,north,2022-01-07
C-0181,home,north,2023-01-15
C-0182,home,north,2019-08-19
C-0183,home,north,2024-03-27
C-0184,home,west,2024-04-14
C-0185,home,east,2020-11-17
C-0186,home,east,2025-02-27
C-0187,home,north,2019-09-06
C-0188,Trade,south,2022-12-01
C-0189,home,south,2024-06-10
C-0190,home,south,2023-08-25
C-0191,home,west,2022-09-01
C-0192,home,north,2021-04-11
C-0193,home,,2025-10-13
C-0194,business,north,2023-06-23
C-0195,home,east,2020-09-25
C-0196,home,north,2024-01-02
C-0197,home,south,2024-12-28
C-0198,home,north,2021-08-05
C-0199,home,west,2024-04-16
C-0200,trade,west,2023-10-29
C-0201,business,south,2021-11-25
C-0202,home,east,2022-02-24
C-0203,home,north,2021-01-15
C-0204,trade,north,2025-06-20
C-0205,trade,north,2025-04-29
C-0206,business,north,2024-05-25
C-0207,business,west,2021-04-17
C-0208,home,south,2022-04-17
C-0209,home,north,2026-02-02
C-0210,trade,south,2025-04-16
C-0211,home,south,2024-12-15
C-0212,home,west,2025-03-07
C-0213,home,north,2021-11-17
C-0214,home,south,2026-02-21
C-0215,home,south,2021-01-03
C-0216,home,south,2026-05-29
C-0217,home,east,2019-05-17
C-0218,business,south,2025-07-08
C-0219,trade,south,2024-06-24
C-0220,home,south,2020-06-15
C-0221,home,north,2023-06-02
C-0222,home,east,2025-07-08
C-0223,home,north,2023-02-26
C-0224,home,north,2021-10-30
C-0225,home,east,2021-11-27
C-0226,business,east,2021-03-05
C-0227,trade,north,2019-04-12
C-0228,home,north,2025-10-11
C-0229,home,south,2024-06-13
C-0230,home,north,2020-06-06
C-0231,home,east,2026-01-13
C-0232,home,east,2025-12-26
C-0233,business,north,2023-06-09
C-0234,home,west,2022-10-21
C-0235,Trade,east,2023-06-25
C-0236,business,east,2022-07-01
C-0237,home,west,2026-02-19
C-0238,trade,north,2020-04-20
C-0239,home,west,2022-06-19
C-0240,home,south,2020-04-19
