date,weekday,is_weekend,month,tickets
2024-07-01,Mon,0,7,33
2024-07-02,Tue,0,7,33
2024-07-03,Wed,0,7,29
2024-07-04,Thu,0,7,36
2024-07-05,Fri,0,7,29
2024-07-06,Sat,1,7,13
2024-07-07,Sun,1,7,9
2024-07-08,Mon,0,7,24
2024-07-09,Tue,0,7,29
2024-07-10,Wed,0,7,30
2024-07-11,Thu,0,7,31
2024-07-12,Fri,0,7,16
2024-07-13,Sat,1,7,9
2024-07-14,Sun,1,7,16
2024-07-15,Mon,0,7,22
2024-07-16,Tue,0,7,44
2024-07-17,Wed,0,7,33
2024-07-18,Thu,0,7,28
2024-07-19,Fri,0,7,27
2024-07-20,Sat,1,7,15
2024-07-21,Sun,1,7,8
2024-07-22,Mon,0,7,31
2024-07-23,Tue,0,7,27
2024-07-24,Wed,0,7,31
2024-07-25,Thu,0,7,26
2024-07-26,Fri,0,7,30
2024-07-27,Sat,1,7,9
2024-07-28,Sun,1,7,16
2024-07-29,Mon,0,7,24
2024-07-30,Tue,0,7,39
2024-07-31,Wed,0,7,33
2024-08-01,Thu,0,8,19
2024-08-02,Fri,0,8,30
2024-08-03,Sat,1,8,10
2024-08-04,Sun,1,8,14
2024-08-05,Mon,0,8,27
2024-08-06,Tue,0,8,29
2024-08-07,Wed,0,8,25
2024-08-08,Thu,0,8,23
2024-08-09,Fri,0,8,29
2024-08-10,Sat,1,8,12
2024-08-11,Sun,1,8,11
2024-08-12,Mon,0,8,27
2024-08-13,Tue,0,8,15
2024-08-14,Wed,0,8,21
2024-08-15,Thu,0,8,30
2024-08-16,Fri,0,8,25
2024-08-17,Sat,1,8,12
2024-08-18,Sun,1,8,11
2024-08-19,Mon,0,8,20
2024-08-20,Tue,0,8,23
2024-08-21,Wed,0,8,30
2024-08-22,Thu,0,8,23
2024-08-23,Fri,0,8,31
2024-08-24,Sat,1,8,12
2024-08-25,Sun,1,8,6
2024-08-26,Mon,0,8,27
2024-08-27,Tue,0,8,29
2024-08-28,Wed,0,8,20
2024-08-29,Thu,0,8,37
2024-08-30,Fri,0,8,23
2024-08-31,Sat,1,8,9
2024-09-01,Sun,1,9,12
2024-09-02,Mon,0,9,22
2024-09-03,Tue,0,9,25
2024-09-04,Wed,0,9,29
2024-09-05,Thu,0,9,19
2024-09-06,Fri,0,9,33
2024-09-07,Sat,1,9,10
2024-09-08,Sun,1,9,8
2024-09-09,Mon,0,9,18
2024-09-10,Tue,0,9,29
2024-09-11,Wed,0,9,20
2024-09-12,Thu,0,9,26
2024-09-13,Fri,0,9,25
2024-09-14,Sat,1,9,9
2024-09-15,Sun,1,9,10
2024-09-16,Mon,0,9,21
2024-09-17,Tue,0,9,29
2024-09-18,Wed,0,9,11
2024-09-19,Thu,0,9,21
2024-09-20,Fri,0,9,18
2024-09-21,Sat,1,9,8
2024-09-22,Sun,1,9,8
2024-09-23,Mon,0,9,15
2024-09-24,Tue,0,9,16
2024-09-25,Wed,0,9,24
2024-09-26,Thu,0,9,20
2024-09-27,Fri,0,9,24
2024-09-28,Sat,1,9,9
2024-09-29,Sun,1,9,5
2024-09-30,Mon,0,9,19
2024-10-01,Tue,0,10,17
2024-10-02,Wed,0,10,20
2024-10-03,Thu,0,10,20
2024-10-04,Fri,0,10,22
2024-10-05,Sat,1,10,6
2024-10-06,Sun,1,10,9
2024-10-07,Mon,0,10,19
2024-10-08,Tue,0,10,24
2024-10-09,Wed,0,10,24
2024-10-10,Thu,0,10,22
2024-10-11,Fri,0,10,26
2024-10-12,Sat,1,10,8
2024-10-13,Sun,1,10,9
2024-10-14,Mon,0,10,19
2024-10-15,Tue,0,10,15
2024-10-16,Wed,0,10,22
2024-10-17,Thu,0,10,17
2024-10-18,Fri,0,10,12
2024-10-19,Sat,1,10,8
2024-10-20,Sun,1,10,9
2024-10-21,Mon,0,10,27
2024-10-22,Tue,0,10,14
2024-10-23,Wed,0,10,29
2024-10-24,Thu,0,10,31
2024-10-25,Fri,0,10,24
2024-10-26,Sat,1,10,7
2024-10-27,Sun,1,10,10
2024-10-28,Mon,0,10,22
2024-10-29,Tue,0,10,23
2024-10-30,Wed,0,10,22
2024-10-31,Thu,0,10,32
2024-11-01,Fri,0,11,25
2024-11-02,Sat,1,11,11
2024-11-03,Sun,1,11,15
2024-11-04,Mon,0,11,22
2024-11-05,Tue,0,11,32
2024-11-06,Wed,0,11,33
2024-11-07,Thu,0,11,34
2024-11-08,Fri,0,11,21
2024-11-09,Sat,1,11,12
2024-11-10,Sun,1,11,10
2024-11-11,Mon,0,11,23
2024-11-12,Tue,0,11,31
2024-11-13,Wed,0,11,29
2024-11-14,Thu,0,11,37
2024-11-15,Fri,0,11,25
2024-11-16,Sat,1,11,18
2024-11-17,Sun,1,11,10
2024-11-18,Mon,0,11,39
2024-11-19,Tue,0,11,23
2024-11-20,Wed,0,11,29
2024-11-21,Thu,0,11,31
2024-11-22,Fri,0,11,37
2024-11-23,Sat,1,11,16
2024-11-24,Sun,1,11,11
2024-11-25,Mon,0,11,26
2024-11-26,Tue,0,11,32
2024-11-27,Wed,0,11,38
2024-11-28,Thu,0,11,24
2024-11-29,Fri,0,11,25
2024-11-30,Sat,1,11,15
2024-12-01,Sun,1,12,16
2024-12-02,Mon,0,12,33
2024-12-03,Tue,0,12,31
2024-12-04,Wed,0,12,25
2024-12-05,Thu,0,12,36
2024-12-06,Fri,0,12,23
2024-12-07,Sat,1,12,10
2024-12-08,Sun,1,12,21
2024-12-09,Mon,0,12,38
2024-12-10,Tue,0,12,31
2024-12-11,Wed,0,12,30
2024-12-12,Thu,0,12,40
2024-12-13,Fri,0,12,39
2024-12-14,Sat,1,12,13
2024-12-15,Sun,1,12,16
2024-12-16,Mon,0,12,30
2024-12-17,Tue,0,12,47
2024-12-18,Wed,0,12,36
2024-12-19,Thu,0,12,32
2024-12-20,Fri,0,12,26
2024-12-21,Sat,1,12,17
2024-12-22,Sun,1,12,19
2024-12-23,Mon,0,12,41
2024-12-24,Tue,0,12,16
2024-12-25,Wed,0,12,24
2024-12-26,Thu,0,12,33
2024-12-27,Fri,0,12,19
2024-12-28,Sat,1,12,11
2024-12-29,Sun,1,12,14
2024-12-30,Mon,0,12,27
2024-12-31,Tue,0,12,27
2025-01-01,Wed,0,1,18
2025-01-02,Thu,0,1,35
2025-01-03,Fri,0,1,23
2025-01-04,Sat,1,1,11
2025-01-05,Sun,1,1,4
2025-01-06,Mon,0,1,18
2025-01-07,Tue,0,1,12
2025-01-08,Wed,0,1,24
2025-01-09,Thu,0,1,30
2025-01-10,Fri,0,1,21
2025-01-11,Sat,1,1,10
2025-01-12,Sun,1,1,10
2025-01-13,Mon,0,1,23
2025-01-14,Tue,0,1,24
2025-01-15,Wed,0,1,18
2025-01-16,Thu,0,1,18
2025-01-17,Fri,0,1,26
2025-01-18,Sat,1,1,7
2025-01-19,Sun,1,1,6
2025-01-20,Mon,0,1,25
2025-01-21,Tue,0,1,25
2025-01-22,Wed,0,1,20
2025-01-23,Thu,0,1,21
2025-01-24,Fri,0,1,20
2025-01-25,Sat,1,1,12
2025-01-26,Sun,1,1,7
2025-01-27,Mon,0,1,22
2025-01-28,Tue,0,1,31
2025-01-29,Wed,0,1,24
2025-01-30,Thu,0,1,23
2025-01-31,Fri,0,1,20
2025-02-01,Sat,1,2,10
2025-02-02,Sun,1,2,9
2025-02-03,Mon,0,2,22
2025-02-04,Tue,0,2,30
2025-02-05,Wed,0,2,12
2025-02-06,Thu,0,2,23
2025-02-07,Fri,0,2,23
2025-02-08,Sat,1,2,9
2025-02-09,Sun,1,2,7
2025-02-10,Mon,0,2,25
2025-02-11,Tue,0,2,24
2025-02-12,Wed,0,2,18
2025-02-13,Thu,0,2,21
2025-02-14,Fri,0,2,26
2025-02-15,Sat,1,2,20
2025-02-16,Sun,1,2,15
2025-02-17,Mon,0,2,21
2025-02-18,Tue,0,2,18
2025-02-19,Wed,0,2,20
2025-02-20,Thu,0,2,20
2025-02-21,Fri,0,2,26
2025-02-22,Sat,1,2,6
2025-02-23,Sun,1,2,8
2025-02-24,Mon,0,2,18
2025-02-25,Tue,0,2,23
2025-02-26,Wed,0,2,24
2025-02-27,Thu,0,2,32
2025-02-28,Fri,0,2,16
2025-03-01,Sat,1,3,15
2025-03-02,Sun,1,3,12
2025-03-03,Mon,0,3,38
2025-03-04,Tue,0,3,19
2025-03-05,Wed,0,3,27
2025-03-06,Thu,0,3,21
2025-03-07,Fri,0,3,29
2025-03-08,Sat,1,3,10
2025-03-09,Sun,1,3,12
2025-03-10,Mon,0,3,26
2025-03-11,Tue,0,3,21
2025-03-12,Wed,0,3,22
2025-03-13,Thu,0,3,27
2025-03-14,Fri,0,3,39
2025-03-15,Sat,1,3,6
2025-03-16,Sun,1,3,13
2025-03-17,Mon,0,3,18
2025-03-18,Tue,0,3,25
2025-03-19,Wed,0,3,30
2025-03-20,Thu,0,3,24
2025-03-21,Fri,0,3,23
2025-03-22,Sat,1,3,12
2025-03-23,Sun,1,3,13
2025-03-24,Mon,0,3,28
2025-03-25,Tue,0,3,25
2025-03-26,Wed,0,3,27
2025-03-27,Thu,0,3,25
2025-03-28,Fri,0,3,24
2025-03-29,Sat,1,3,7
2025-03-30,Sun,1,3,9
2025-03-31,Mon,0,3,40
2025-04-01,Tue,0,4,25
2025-04-02,Wed,0,4,46
2025-04-03,Thu,0,4,32
2025-04-04,Fri,0,4,34
2025-04-05,Sat,1,4,13
2025-04-06,Sun,1,4,17
2025-04-07,Mon,0,4,29
2025-04-08,Tue,0,4,37
2025-04-09,Wed,0,4,41
2025-04-10,Thu,0,4,30
2025-04-11,Fri,0,4,42
2025-04-12,Sat,1,4,13
2025-04-13,Sun,1,4,20
2025-04-14,Mon,0,4,34
2025-04-15,Tue,0,4,42
2025-04-16,Wed,0,4,30
2025-04-17,Thu,0,4,35
2025-04-18,Fri,0,4,29
2025-04-19,Sat,1,4,24
2025-04-20,Sun,1,4,14
2025-04-21,Mon,0,4,27
2025-04-22,Tue,0,4,40
2025-04-23,Wed,0,4,28
2025-04-24,Thu,0,4,34
2025-04-25,Fri,0,4,39
2025-04-26,Sat,1,4,16
2025-04-27,Sun,1,4,23
2025-04-28,Mon,0,4,46
2025-04-29,Tue,0,4,30
2025-04-30,Wed,0,4,40
2025-05-01,Thu,0,5,30
2025-05-02,Fri,0,5,29
2025-05-03,Sat,1,5,27
2025-05-04,Sun,1,5,18
2025-05-05,Mon,0,5,48
2025-05-06,Tue,0,5,39
2025-05-07,Wed,0,5,35
2025-05-08,Thu,0,5,38
2025-05-09,Fri,0,5,45
2025-05-10,Sat,1,5,23
2025-05-11,Sun,1,5,11
2025-05-12,Mon,0,5,38
2025-05-13,Tue,0,5,29
2025-05-14,Wed,0,5,45
2025-05-15,Thu,0,5,44
2025-05-16,Fri,0,5,39
2025-05-17,Sat,1,5,19
2025-05-18,Sun,1,5,17
2025-05-19,Mon,0,5,40
2025-05-20,Tue,0,5,43
2025-05-21,Wed,0,5,38
2025-05-22,Thu,0,5,49
2025-05-23,Fri,0,5,43
2025-05-24,Sat,1,5,12
2025-05-25,Sun,1,5,24
2025-05-26,Mon,0,5,43
2025-05-27,Tue,0,5,32
2025-05-28,Wed,0,5,38
2025-05-29,Thu,0,5,42
2025-05-30,Fri,0,5,42
2025-05-31,Sat,1,5,13
2025-06-01,Sun,1,6,25
2025-06-02,Mon,0,6,37
2025-06-03,Tue,0,6,36
2025-06-04,Wed,0,6,48
2025-06-05,Thu,0,6,42
2025-06-06,Fri,0,6,36
2025-06-07,Sat,1,6,16
2025-06-08,Sun,1,6,21
2025-06-09,Mon,0,6,39
2025-06-10,Tue,0,6,37
2025-06-11,Wed,0,6,28
2025-06-12,Thu,0,6,27
2025-06-13,Fri,0,6,36
2025-06-14,Sat,1,6,25
2025-06-15,Sun,1,6,18
2025-06-16,Mon,0,6,45
2025-06-17,Tue,0,6,48
2025-06-18,Wed,0,6,30
2025-06-19,Thu,0,6,43
2025-06-20,Fri,0,6,35
2025-06-21,Sat,1,6,14
2025-06-22,Sun,1,6,18
2025-06-23,Mon,0,6,35
2025-06-24,Tue,0,6,39
2025-06-25,Wed,0,6,36
2025-06-26,Thu,0,6,35
2025-06-27,Fri,0,6,39
2025-06-28,Sat,1,6,19
2025-06-29,Sun,1,6,9
2025-06-30,Mon,0,6,40
2025-07-01,Tue,0,7,38
2025-07-02,Wed,0,7,42
2025-07-03,Thu,0,7,42
2025-07-04,Fri,0,7,32
2025-07-05,Sat,1,7,20
2025-07-06,Sun,1,7,25
2025-07-07,Mon,0,7,46
2025-07-08,Tue,0,7,45
2025-07-09,Wed,0,7,35
2025-07-10,Thu,0,7,35
2025-07-11,Fri,0,7,41
2025-07-12,Sat,1,7,17
2025-07-13,Sun,1,7,21
2025-07-14,Mon,0,7,35
2025-07-15,Tue,0,7,40
2025-07-16,Wed,0,7,32
2025-07-17,Thu,0,7,35
2025-07-18,Fri,0,7,39
2025-07-19,Sat,1,7,9
2025-07-20,Sun,1,7,17
2025-07-21,Mon,0,7,35
2025-07-22,Tue,0,7,32
2025-07-23,Wed,0,7,38
2025-07-24,Thu,0,7,35
2025-07-25,Fri,0,7,26
2025-07-26,Sat,1,7,9
2025-07-27,Sun,1,7,15
2025-07-28,Mon,0,7,26
2025-07-29,Tue,0,7,40
2025-07-30,Wed,0,7,33
2025-07-31,Thu,0,7,42
2025-08-01,Fri,0,8,42
2025-08-02,Sat,1,8,11
2025-08-03,Sun,1,8,12
2025-08-04,Mon,0,8,25
2025-08-05,Tue,0,8,28
2025-08-06,Wed,0,8,30
2025-08-07,Thu,0,8,31
2025-08-08,Fri,0,8,30
2025-08-09,Sat,1,8,16
2025-08-10,Sun,1,8,11
2025-08-11,Mon,0,8,27
2025-08-12,Tue,0,8,35
2025-08-13,Wed,0,8,29
2025-08-14,Thu,0,8,27
2025-08-15,Fri,0,8,33
2025-08-16,Sat,1,8,9
2025-08-17,Sun,1,8,11
2025-08-18,Mon,0,8,34
2025-08-19,Tue,0,8,32
2025-08-20,Wed,0,8,34
2025-08-21,Thu,0,8,35
2025-08-22,Fri,0,8,18
2025-08-23,Sat,1,8,20
2025-08-24,Sun,1,8,10
2025-08-25,Mon,0,8,29
2025-08-26,Tue,0,8,25
2025-08-27,Wed,0,8,16
2025-08-28,Thu,0,8,30
2025-08-29,Fri,0,8,26
2025-08-30,Sat,1,8,14
2025-08-31,Sun,1,8,7
2025-09-01,Mon,0,9,17
2025-09-02,Tue,0,9,22
2025-09-03,Wed,0,9,24
2025-09-04,Thu,0,9,24
2025-09-05,Fri,0,9,21
2025-09-06,Sat,1,9,12
2025-09-07,Sun,1,9,14
2025-09-08,Mon,0,9,24
2025-09-09,Tue,0,9,34
2025-09-10,Wed,0,9,25
2025-09-11,Thu,0,9,29
2025-09-12,Fri,0,9,20
2025-09-13,Sat,1,9,11
2025-09-14,Sun,1,9,8
2025-09-15,Mon,0,9,25
2025-09-16,Tue,0,9,36
2025-09-17,Wed,0,9,25
2025-09-18,Thu,0,9,27
2025-09-19,Fri,0,9,25
2025-09-20,Sat,1,9,15
2025-09-21,Sun,1,9,16
2025-09-22,Mon,0,9,25
2025-09-23,Tue,0,9,23
2025-09-24,Wed,0,9,29
2025-09-25,Thu,0,9,30
2025-09-26,Fri,0,9,23
2025-09-27,Sat,1,9,7
2025-09-28,Sun,1,9,12
2025-09-29,Mon,0,9,27
2025-09-30,Tue,0,9,32
2025-10-01,Wed,0,10,30
2025-10-02,Thu,0,10,23
2025-10-03,Fri,0,10,35
2025-10-04,Sat,1,10,16
2025-10-05,Sun,1,10,12
2025-10-06,Mon,0,10,25
2025-10-07,Tue,0,10,23
2025-10-08,Wed,0,10,18
2025-10-09,Thu,0,10,27
2025-10-10,Fri,0,10,29
2025-10-11,Sat,1,10,10
2025-10-12,Sun,1,10,7
2025-10-13,Mon,0,10,24
2025-10-14,Tue,0,10,27
2025-10-15,Wed,0,10,28
2025-10-16,Thu,0,10,27
2025-10-17,Fri,0,10,29
2025-10-18,Sat,1,10,10
2025-10-19,Sun,1,10,19
2025-10-20,Mon,0,10,27
2025-10-21,Tue,0,10,23
2025-10-22,Wed,0,10,26
2025-10-23,Thu,0,10,30
2025-10-24,Fri,0,10,33
2025-10-25,Sat,1,10,14
2025-10-26,Sun,1,10,10
2025-10-27,Mon,0,10,28
2025-10-28,Tue,0,10,25
2025-10-29,Wed,0,10,21
2025-10-30,Thu,0,10,20
2025-10-31,Fri,0,10,27
2025-11-01,Sat,1,11,15
2025-11-02,Sun,1,11,12
2025-11-03,Mon,0,11,34
2025-11-04,Tue,0,11,20
2025-11-05,Wed,0,11,32
2025-11-06,Thu,0,11,30
2025-11-07,Fri,0,11,35
2025-11-08,Sat,1,11,18
2025-11-09,Sun,1,11,19
2025-11-10,Mon,0,11,28
2025-11-11,Tue,0,11,27
2025-11-12,Wed,0,11,34
2025-11-13,Thu,0,11,41
2025-11-14,Fri,0,11,32
2025-11-15,Sat,1,11,17
2025-11-16,Sun,1,11,16
2025-11-17,Mon,0,11,32
2025-11-18,Tue,0,11,25
2025-11-19,Wed,0,11,33
2025-11-20,Thu,0,11,32
2025-11-21,Fri,0,11,31
2025-11-22,Sat,1,11,19
2025-11-23,Sun,1,11,24
2025-11-24,Mon,0,11,27
2025-11-25,Tue,0,11,36
2025-11-26,Wed,0,11,33
2025-11-27,Thu,0,11,31
2025-11-28,Fri,0,11,40
2025-11-29,Sat,1,11,14
2025-11-30,Sun,1,11,19
2025-12-01,Mon,0,12,35
2025-12-02,Tue,0,12,38
2025-12-03,Wed,0,12,42
2025-12-04,Thu,0,12,36
2025-12-05,Fri,0,12,38
2025-12-06,Sat,1,12,16
2025-12-07,Sun,1,12,15
2025-12-08,Mon,0,12,36
2025-12-09,Tue,0,12,37
2025-12-10,Wed,0,12,37
2025-12-11,Thu,0,12,31
2025-12-12,Fri,0,12,34
2025-12-13,Sat,1,12,8
2025-12-14,Sun,1,12,9
2025-12-15,Mon,0,12,41
2025-12-16,Tue,0,12,34
2025-12-17,Wed,0,12,52
2025-12-18,Thu,0,12,46
2025-12-19,Fri,0,12,23
2025-12-20,Sat,1,12,17
2025-12-21,Sun,1,12,17
2025-12-22,Mon,0,12,39
2025-12-23,Tue,0,12,35
2025-12-24,Wed,0,12,25
2025-12-25,Thu,0,12,30
2025-12-26,Fri,0,12,41
2025-12-27,Sat,1,12,23
2025-12-28,Sun,1,12,15
2025-12-29,Mon,0,12,43
2025-12-30,Tue,0,12,46
2025-12-31,Wed,0,12,36
2026-01-01,Thu,0,1,35
2026-01-02,Fri,0,1,19
2026-01-03,Sat,1,1,12
2026-01-04,Sun,1,1,14
2026-01-05,Mon,0,1,18
2026-01-06,Tue,0,1,29
2026-01-07,Wed,0,1,23
2026-01-08,Thu,0,1,32
2026-01-09,Fri,0,1,28
2026-01-10,Sat,1,1,18
2026-01-11,Sun,1,1,8
2026-01-12,Mon,0,1,25
2026-01-13,Tue,0,1,25
2026-01-14,Wed,0,1,31
2026-01-15,Thu,0,1,30
2026-01-16,Fri,0,1,27
2026-01-17,Sat,1,1,8
2026-01-18,Sun,1,1,7
2026-01-19,Mon,0,1,24
2026-01-20,Tue,0,1,29
2026-01-21,Wed,0,1,20
2026-01-22,Thu,0,1,25
2026-01-23,Fri,0,1,25
2026-01-24,Sat,1,1,10
2026-01-25,Sun,1,1,15
2026-01-26,Mon,0,1,29
2026-01-27,Tue,0,1,28
2026-01-28,Wed,0,1,20
2026-01-29,Thu,0,1,31
2026-01-30,Fri,0,1,20
2026-01-31,Sat,1,1,20
2026-02-01,Sun,1,2,13
2026-02-02,Mon,0,2,26
2026-02-03,Tue,0,2,22
2026-02-04,Wed,0,2,31
2026-02-05,Thu,0,2,29
2026-02-06,Fri,0,2,28
2026-02-07,Sat,1,2,9
2026-02-08,Sun,1,2,9
2026-02-09,Mon,0,2,32
2026-02-10,Tue,0,2,27
2026-02-11,Wed,0,2,26
2026-02-12,Thu,0,2,39
2026-02-13,Fri,0,2,35
2026-02-14,Sat,1,2,10
2026-02-15,Sun,1,2,14
2026-02-16,Mon,0,2,23
2026-02-17,Tue,0,2,34
2026-02-18,Wed,0,2,21
2026-02-19,Thu,0,2,26
2026-02-20,Fri,0,2,31
2026-02-21,Sat,1,2,7
2026-02-22,Sun,1,2,4
2026-02-23,Mon,0,2,26
2026-02-24,Tue,0,2,28
2026-02-25,Wed,0,2,23
2026-02-26,Thu,0,2,28
2026-02-27,Fri,0,2,24
2026-02-28,Sat,1,2,14
2026-03-01,Sun,1,3,16
2026-03-02,Mon,0,3,35
2026-03-03,Tue,0,3,32
2026-03-04,Wed,0,3,26
2026-03-05,Thu,0,3,38
2026-03-06,Fri,0,3,40
2026-03-07,Sat,1,3,10
2026-03-08,Sun,1,3,17
2026-03-09,Mon,0,3,24
2026-03-10,Tue,0,3,40
2026-03-11,Wed,0,3,27
2026-03-12,Thu,0,3,28
2026-03-13,Fri,0,3,32
2026-03-14,Sat,1,3,14
2026-03-15,Sun,1,3,21
2026-03-16,Mon,0,3,42
2026-03-17,Tue,0,3,22
2026-03-18,Wed,0,3,25
2026-03-19,Thu,0,3,27
2026-03-20,Fri,0,3,30
2026-03-21,Sat,1,3,11
2026-03-22,Sun,1,3,20
2026-03-23,Mon,0,3,31
2026-03-24,Tue,0,3,35
2026-03-25,Wed,0,3,36
2026-03-26,Thu,0,3,47
2026-03-27,Fri,0,3,36
2026-03-28,Sat,1,3,13
2026-03-29,Sun,1,3,18
2026-03-30,Mon,0,3,45
2026-03-31,Tue,0,3,35
2026-04-01,Wed,0,4,41
2026-04-02,Thu,0,4,44
2026-04-03,Fri,0,4,37
2026-04-04,Sat,1,4,29
2026-04-05,Sun,1,4,24
2026-04-06,Mon,0,4,51
2026-04-07,Tue,0,4,50
2026-04-08,Wed,0,4,39
2026-04-09,Thu,0,4,37
2026-04-10,Fri,0,4,33
2026-04-11,Sat,1,4,10
2026-04-12,Sun,1,4,24
2026-04-13,Mon,0,4,33
2026-04-14,Tue,0,4,45
2026-04-15,Wed,0,4,34
2026-04-16,Thu,0,4,39
2026-04-17,Fri,0,4,31
2026-04-18,Sat,1,4,27
2026-04-19,Sun,1,4,21
2026-04-20,Mon,0,4,50
2026-04-21,Tue,0,4,48
2026-04-22,Wed,0,4,47
2026-04-23,Thu,0,4,34
2026-04-24,Fri,0,4,50
2026-04-25,Sat,1,4,26
2026-04-26,Sun,1,4,19
2026-04-27,Mon,0,4,50
2026-04-28,Tue,0,4,31
2026-04-29,Wed,0,4,43
2026-04-30,Thu,0,4,48
2026-05-01,Fri,0,5,43
2026-05-02,Sat,1,5,21
2026-05-03,Sun,1,5,14
2026-05-04,Mon,0,5,40
2026-05-05,Tue,0,5,50
2026-05-06,Wed,0,5,47
2026-05-07,Thu,0,5,42
2026-05-08,Fri,0,5,47
2026-05-09,Sat,1,5,27
2026-05-10,Sun,1,5,27
2026-05-11,Mon,0,5,43
2026-05-12,Tue,0,5,41
2026-05-13,Wed,0,5,34
2026-05-14,Thu,0,5,43
2026-05-15,Fri,0,5,43
2026-05-16,Sat,1,5,25
2026-05-17,Sun,1,5,15
2026-05-18,Mon,0,5,52
2026-05-19,Tue,0,5,47
2026-05-20,Wed,0,5,50
2026-05-21,Thu,0,5,51
2026-05-22,Fri,0,5,44
2026-05-23,Sat,1,5,25
2026-05-24,Sun,1,5,23
2026-05-25,Mon,0,5,48
2026-05-26,Tue,0,5,60
2026-05-27,Wed,0,5,39
2026-05-28,Thu,0,5,56
2026-05-29,Fri,0,5,41
2026-05-30,Sat,1,5,22
2026-05-31,Sun,1,5,19
2026-06-01,Mon,0,6,44
2026-06-02,Tue,0,6,42
2026-06-03,Wed,0,6,45
2026-06-04,Thu,0,6,39
2026-06-05,Fri,0,6,36
2026-06-06,Sat,1,6,20
2026-06-07,Sun,1,6,19
2026-06-08,Mon,0,6,40
2026-06-09,Tue,0,6,46
2026-06-10,Wed,0,6,46
2026-06-11,Thu,0,6,50
2026-06-12,Fri,0,6,44
2026-06-13,Sat,1,6,26
2026-06-14,Sun,1,6,25
2026-06-15,Mon,0,6,45
2026-06-16,Tue,0,6,31
2026-06-17,Wed,0,6,41
2026-06-18,Thu,0,6,35
2026-06-19,Fri,0,6,46
2026-06-20,Sat,1,6,20
2026-06-21,Sun,1,6,11
2026-06-22,Mon,0,6,59
2026-06-23,Tue,0,6,52
2026-06-24,Wed,0,6,38
2026-06-25,Thu,0,6,39
2026-06-26,Fri,0,6,46
2026-06-27,Sat,1,6,17
2026-06-28,Sun,1,6,22
2026-06-29,Mon,0,6,51
2026-06-30,Tue,0,6,39
