ticket_id,escalated_72h
T-119233,1
T-119234,0
T-119235,0
T-119236,0
T-119237,0
T-119238,0
T-119239,0
T-119240,0
T-119241,0
T-119242,0
T-119243,0
T-119244,0
T-119245,1
T-119246,1
T-119247,0
T-119248,0
T-119249,0
T-119250,0
T-119251,0
T-119252,0
T-119253,0
T-119254,1
T-119255,1
T-119256,0
T-119257,1
T-119258,0
T-119259,0
T-119260,0
T-119261,0
T-119262,0
T-119263,1
T-119264,0
T-119265,1
T-119266,0
T-119267,0
T-119268,1
T-119269,1
T-119270,0
T-119271,0
T-119272,1
T-119273,0
T-119274,0
T-119275,0
T-119276,0
T-119277,0
T-119278,0
T-119279,1
T-119280,0
T-119281,1
T-119282,0
T-119283,0
T-119284,0
T-119285,0
T-119286,0
T-119287,1
T-119288,0
T-119289,0
T-119290,0
T-119291,0
T-119292,0
T-119293,0
T-119294,0
T-119295,0
T-119296,0
T-119297,0
T-119298,0
T-119299,0
T-119300,0
T-119301,1
T-119302,1
T-119303,0
T-119304,0
T-119305,0
T-119306,0
T-119307,0
T-119308,0
T-119309,0
T-119310,0
T-119311,0
T-119312,0
T-119313,0
T-119314,0
T-119315,0
T-119316,0
T-119317,0
T-119318,0
T-119319,0
T-119320,1
T-119321,0
T-119322,0
T-119323,0
T-119324,0
T-119325,0
T-119326,0
T-119327,1
T-119328,1
T-119329,0
T-119330,0
T-119331,1
T-119332,0
T-119333,0
T-119334,0
T-119335,0
T-119336,0
T-119337,1
T-119338,1
T-119339,0
T-119340,1
T-119341,0
T-119342,0
T-119343,0
T-119344,0
T-119345,0
T-119346,0
T-119347,0
T-119348,0
T-119349,0
T-119350,0
T-119351,0
T-119352,1
T-119353,0
T-119354,0
T-119355,0
T-119356,0
T-119357,0
T-119358,0
T-119359,0
T-119360,0
T-119361,0
T-119362,0
T-119363,0
T-119364,1
T-119365,0
T-119366,1
T-119367,0
T-119368,1
T-119369,0
T-119370,0
T-119371,1
T-119372,0
T-119373,0
T-119374,0
T-119375,0
T-119376,1
T-119377,0
T-119378,0
T-119379,1
T-119380,0
T-119381,1
T-119382,0
T-119383,0
T-119384,0
T-119385,0
T-119386,0
T-119387,0
T-119388,0
T-119389,0
T-119390,0
T-119391,0
T-119392,0
T-119393,0
T-119394,0
T-119395,0
T-119396,0
T-119397,1
T-119398,1
T-119399,0
T-119400,0
T-119401,0
T-119402,0
T-119403,0
T-119404,0
T-119405,0
T-119406,0
T-119407,0
T-119408,0
T-119409,0
T-119410,0
T-119411,0
T-119412,1
T-119413,0
T-119414,0
T-119415,0
T-119416,1
T-119417,0
T-119418,0
T-119419,1
T-119420,0
T-119421,1
T-119422,0
T-119423,0
T-119424,0
T-119425,0
T-119426,1
T-119427,0
T-119428,0
T-119429,0
T-119430,0
T-119431,0
T-119432,0
T-119433,1
T-119434,0
T-119435,0
T-119436,0
T-119437,0
T-119438,0
T-119439,0
T-119440,0
T-119441,0
T-119442,0
T-119443,0
T-119444,1
T-119445,0
T-119446,0
T-119447,0
T-119448,0
T-119449,0
T-119450,0
T-119451,0
T-119452,0
T-119453,0
T-119454,0
T-119455,0
T-119456,0
T-119457,0
T-119458,0
T-119459,0
T-119460,0
T-119461,0
T-119462,0
T-119463,0
T-119464,0
T-119465,1
T-119466,0
T-119467,0
T-119468,0
T-119469,0
T-119470,0
T-119471,1
T-119472,0
T-119473,0
T-119474,0
T-119475,0
T-119476,0
T-119477,0
T-119478,0
T-119479,0
T-119480,1
T-119481,0
T-119482,0
T-119483,0
T-119484,0
T-119485,0
T-119486,0
T-119487,0
T-119488,0
T-119489,0
T-119490,0
T-119491,0
T-119492,0
T-119493,0
T-119494,0
T-119495,0
T-119496,1
T-119497,0
T-119498,0
T-119499,0
T-119500,1
T-119501,0
T-119502,0
T-119503,0
T-119504,0
T-119505,0
T-119506,0
T-119507,0
T-119508,0
T-119509,1
T-119510,0
T-119511,1
T-119512,0
T-119513,1
T-119514,0
T-119515,0
T-119516,0
T-119517,0
T-119518,0
T-119519,0
T-119520,0
T-119521,0
T-119522,0
T-119523,0
T-119524,0
T-119525,0
T-119526,1
T-119527,0
T-119528,0
T-119529,1
T-119530,0
T-119531,0
T-119532,0
T-119533,0
T-119534,0
T-119535,0
T-119536,0
T-119537,0
T-119538,0
T-119539,0
T-119540,0
T-119541,0
T-119542,0
T-119543,0
T-119544,0
T-119545,0
T-119546,0
T-119547,0
T-119548,0
T-119549,0
T-119550,0
T-119551,0
T-119552,0
T-119553,0
T-119554,0
T-119555,0
T-119556,0
T-119557,1
T-119558,0
T-119559,0
T-119560,0
T-119561,0
T-119562,0
T-119563,0
T-119564,1
T-119565,0
T-119566,0
T-119567,0
T-119568,0
T-119569,0
T-119570,0
T-119571,0
T-119572,0
T-119573,0
T-119574,0
T-119575,0
T-119576,0
T-119577,0
T-119578,0
T-119579,0
T-119580,0
T-119581,0
T-119582,0
T-119583,0
T-119584,0
T-119585,0
T-119586,0
T-119587,0
T-119588,0
T-119589,0
T-119590,1
T-119591,1
T-119592,0
T-119593,0
T-119594,0
T-119595,0
T-119596,1
T-119597,1
T-119598,0
T-119599,0
T-119600,0
T-119601,0
T-119602,0
T-119603,1
T-119604,1
T-119605,0
T-119606,0
T-119607,0
T-119608,0
T-119609,1
T-119610,0
T-119611,0
T-119612,0
T-119613,0
T-119614,0
T-119615,0
T-119616,0
T-119617,0
T-119618,0
T-119619,0
T-119620,0
T-119621,0
T-119622,0
T-119623,0
T-119624,0
T-119625,0
T-119626,0
T-119627,0
T-119628,0
T-119629,0
T-119630,0
T-119631,1
T-119632,0
T-119633,1
T-119634,0
T-119635,0
T-119636,0
T-119637,0
T-119638,0
T-119639,0
T-119640,0
T-119641,0
T-119642,0
T-119643,0
T-119644,0
T-119645,0
T-119646,0
T-119647,0
T-119648,0
T-119649,0
T-119650,0
T-119651,1
T-119652,0
T-119653,0
T-119654,0
T-119655,0
T-119656,0
T-119657,0
T-119658,0
T-119659,0
T-119660,0
T-119661,0
T-119662,0
T-119663,0
T-119664,1
T-119665,0
T-119666,0
T-119667,0
T-119668,0
T-119669,1
T-119670,0
T-119671,1
T-119672,0
T-119673,0
T-119674,0
T-119675,0
T-119676,0
T-119677,0
T-119678,0
T-119679,0
T-119680,0
T-119681,0
T-119682,0
T-119683,0
T-119684,0
T-119685,0
T-119686,1
T-119687,1
T-119688,0
T-119689,0
T-119690,0
T-119691,0
T-119692,0
T-119693,0
T-119694,0
T-119695,1
T-119696,0
T-119697,1
T-119698,0
T-119699,0
T-119700,0
T-119701,0
T-119702,0
T-119703,0
T-119704,0
T-119705,0
T-119706,0
T-119707,0
T-119708,0
T-119709,0
T-119710,0
T-119711,0
T-119712,0
T-119713,1
T-119714,1
T-119715,0
T-119716,0
T-119717,1
T-119718,0
T-119719,1
T-119720,0
T-119721,0
T-119722,0
T-119723,0
T-119724,0
T-119725,0
T-119726,0
T-119727,0
T-119728,0
T-119729,0
T-119730,0
T-119731,1
T-119732,0
T-119733,0
T-119734,0
T-119735,0
T-119736,0
T-119737,0
T-119738,0
T-119739,1
T-119740,0
T-119741,0
T-119742,0
T-119743,0
T-119744,0
T-119745,0
T-119746,0
T-119747,0
T-119748,0
T-119749,0
T-119750,0
T-119751,1
T-119752,1
T-119753,1
T-119754,1
T-119755,0
T-119756,1
T-119757,0
T-119758,0
T-119759,0
T-119760,0
T-119761,0
T-119762,0
T-119763,0
T-119764,0
T-119765,0
T-119766,0
T-119767,0
T-119768,1
T-119769,0
T-119770,0
T-119771,1
T-119772,0
T-119773,0
T-119774,0
T-119775,0
T-119776,0
T-119777,0
T-119778,0
T-119779,0
T-119780,0
T-119781,0
T-119782,1
T-119783,0
T-119784,0
T-119785,0
T-119786,0
T-119787,0
T-119788,1
T-119789,0
T-119790,0
T-119791,0
T-119792,0
T-119793,0
T-119794,0
T-119795,0
T-119796,0
T-119797,0
T-119798,0
T-119799,1
T-119800,0
T-119801,0
T-119802,1
T-119803,0
T-119804,1
T-119805,0
T-119806,0
T-119807,0
T-119808,0
T-119809,0
T-119810,0
T-119811,0
T-119812,0
T-119813,1
T-119814,0
T-119815,0
T-119816,0
T-119817,0
T-119818,0
T-119819,0
T-119820,0
T-119821,0
T-119822,0
T-119823,0
T-119824,0
T-119825,0
T-119826,0
T-119827,1
T-119828,0
T-119829,1
T-119830,0
T-119831,0
T-119832,0
T-119833,0
T-119834,0
T-119835,1
T-119836,0
T-119837,0
T-119838,0
T-119839,0
T-119840,0
T-119841,0
T-119842,0
T-119843,0
T-119844,0
T-119845,0
T-119846,0
T-119847,1
T-119848,0
T-119849,0
T-119850,1
T-119851,0
T-119852,0
T-119853,0
T-119854,0
T-119855,0
T-119856,0
T-119857,0
T-119858,0
T-119859,0
T-119860,1
T-119861,0
T-119862,1
T-119863,0
T-119864,1
T-119865,1
T-119866,0
T-119867,1
T-119868,0
T-119869,0
T-119870,0
T-119871,0
T-119872,0
T-119873,0
T-119874,0
T-119875,0
T-119876,1
T-119877,0
T-119878,0
T-119879,0
T-119880,0
T-119881,0
T-119882,0
T-119883,0
T-119884,0
T-119885,0
T-119886,0
T-119887,1
T-119888,0
T-119889,0
T-119890,0
T-119891,0
T-119892,0
T-119893,0
T-119894,0
T-119895,0
T-119896,1
T-119897,0
T-119898,0
T-119899,0
T-119900,0
T-119901,0
T-119902,0
T-119903,0
T-119904,0
T-119905,0
T-119906,0
T-119907,0
T-119908,0
T-119909,0
T-119910,1
T-119911,0
T-119912,0
T-119913,0
T-119914,0
T-119915,1
T-119916,0
T-119917,0
T-119918,0
T-119919,0
T-119920,0
T-119921,0
T-119922,0
T-119923,0
T-119924,0
T-119925,0
T-119926,0
T-119927,0
T-119928,0
T-119929,0
T-119930,1
T-119931,0
T-119932,0
T-119933,0
T-119934,0
T-119935,0
T-119936,0
T-119937,1
T-119938,0
T-119939,0
T-119940,0
T-119941,0
T-119942,0
T-119943,0
T-119944,1
T-119945,0
T-119946,0
T-119947,0
T-119948,0
T-119949,0
T-119950,0
T-119951,0
T-119952,1
T-119953,1
T-119954,0
T-119955,0
T-119956,0
T-119957,0
T-119958,1
T-119959,0
T-119960,0
T-119961,0
T-119962,0
T-119963,0
T-119964,1
T-119965,0
T-119966,1
T-119967,0
T-119968,0
T-119969,0
T-119970,0
T-119971,0
T-119972,0
T-119973,0
T-119974,0
T-119975,0
T-119976,0
T-119977,0
T-119978,0
T-119979,0
T-119980,0
T-119981,0
T-119982,0
T-119983,1
T-119984,0
T-119985,0
T-119986,0
T-119987,0
T-119988,0
T-119989,0
T-119990,0
T-119991,0
T-119992,0
T-119993,0
T-119994,0
T-119995,0
T-119996,0
T-119997,0
T-119998,1
T-119999,0
T-120000,0
T-120001,1
T-120002,0
T-120003,0
T-120004,0
T-120005,0
T-120006,0
T-120007,0
T-120008,0
T-120009,0
T-120010,0
T-120011,1
T-120012,0
T-120013,1
T-120014,0
T-120015,0
T-120016,0
T-120017,1
T-120018,0
T-120019,0
T-120020,0
T-120021,0
T-120022,1
T-120023,0
T-120024,0
T-120025,0
T-120026,0
T-120027,0
T-120028,0
T-120029,0
T-120030,1
T-120031,0
T-120032,1
T-120033,0
T-120034,0
T-120035,0
T-120036,0
T-120037,0
T-120038,0
T-120039,0
T-120040,1
T-120041,0
T-120042,0
T-120043,0
T-120044,0
T-120045,0
T-120046,0
T-120047,1
T-120048,0
T-120049,0
T-120050,1
T-120051,0
T-120052,0
T-120053,0
T-120054,0
T-120055,0
T-120056,0
T-120057,0
T-120058,0
T-120059,0
T-120060,0
T-120061,0
T-120062,0
T-120063,0
T-120064,1
T-120065,0
T-120066,0
T-120067,0
T-120068,0
T-120069,0
T-120070,0
T-120071,0
T-120072,0
T-120073,0
T-120074,0
T-120075,0
T-120076,0
T-120077,0
T-120078,0
T-120079,0
T-120080,0
T-120081,0
T-120082,0
T-120083,0
T-120084,0
T-120085,0
T-120086,0
T-120087,1
T-120088,0
T-120089,0
T-120090,0
T-120091,0
T-120092,0
T-120093,1
T-120094,0
T-120095,0
T-120096,0
T-120097,0
T-120098,0
T-120099,0
T-120100,0
T-120101,0
T-120102,0
T-120103,1
T-120104,0
T-120105,0
T-120106,0
T-120107,1
T-120108,0
T-120109,0
T-120110,0
T-120111,0
T-120112,0
T-120113,0
T-120114,0
T-120115,0
T-120116,1
T-120117,0
T-120118,0
T-120119,0
T-120120,0
T-120121,0
T-120122,0
T-120123,0
T-120124,0
T-120125,0
T-120126,0
T-120127,0
T-120128,0
T-120129,0
T-120130,0
T-120131,0
T-120132,0
T-120133,0
T-120134,0
T-120135,0
T-120136,0
T-120137,0
T-120138,0
T-120139,0
T-120140,0
T-120141,0
T-120142,0
T-120143,0
T-120144,0
T-120145,1
T-120146,0
T-120147,0
T-120148,0
T-120149,1
T-120150,0
T-120151,0
T-120152,0
T-120153,0
T-120154,0
T-120155,0
T-120156,0
T-120157,0
T-120158,1
T-120159,0
T-120160,0
T-120161,1
T-120162,0
T-120163,0
T-120164,0
T-120165,1
T-120166,1
T-120167,0
T-120168,0
T-120169,0
T-120170,0
T-120171,0
T-120172,0
T-120173,1
T-120174,0
T-120175,0
T-120176,0
T-120177,0
T-120178,0
T-120179,0
T-120180,0
T-120181,0
T-120182,0
T-120183,0
T-120184,0
T-120185,0
T-120186,0
T-120187,0
T-120188,0
T-120189,0
T-120190,0
T-120191,0
T-120192,0
T-120193,0
T-120194,0
T-120195,0
T-120196,0
T-120197,0
T-120198,0
T-120199,0
T-120200,0
T-120201,1
T-120202,0
T-120203,0
T-120204,0
T-120205,0
T-120206,0
T-120207,0
T-120208,0
T-120209,0
T-120210,0
T-120211,0
T-120212,0
T-120213,0
T-120214,1
T-120215,0
T-120216,1
T-120217,0
T-120218,0
T-120219,0
T-120220,0
T-120221,0
T-120222,0
T-120223,0
T-120224,0
T-120225,0
T-120226,0
T-120227,0
T-120228,0
T-120229,0
T-120230,0
T-120231,0
T-120232,0
T-120233,1
T-120234,0
T-120235,0
T-120236,1
T-120237,0
T-120238,0
T-120239,0
T-120240,0
T-120241,0
T-120242,0
T-120243,0
T-120244,0
T-120245,0
T-120246,0
T-120247,0
T-120248,0
T-120249,0
T-120250,1
T-120251,0
T-120252,0
T-120253,0
T-120254,0
T-120255,0
T-120256,0
T-120257,0
T-120258,0
T-120259,1
T-120260,0
T-120261,0
T-120262,0
T-120263,0
T-120264,0
T-120265,0
T-120266,0
T-120267,0
T-120268,1
T-120269,0
T-120270,0
T-120271,1
T-120272,0
T-120273,0
T-120274,0
T-120275,0
T-120276,1
T-120277,0
T-120278,1
T-120279,0
T-120280,0
T-120281,0
T-120282,1
T-120283,0
T-120284,1
T-120285,0
T-120286,0
T-120287,0
T-120288,0
T-120289,0
T-120290,0
T-120291,1
T-120292,1
T-120293,0
T-120294,0
T-120295,0
T-120296,0
T-120297,0
T-120298,0
T-120299,0
T-120300,1
T-120301,0
T-120302,0
T-120303,0
T-120304,0
T-120305,0
T-120306,0
T-120307,0
T-120308,0
T-120309,0
T-120310,0
T-120311,0
T-120312,0
T-120313,1
T-120314,0
T-120315,0
T-120316,1
T-120317,0
T-120318,0
T-120319,0
T-120320,0
T-120321,0
T-120322,0
T-120323,0
T-120324,0
T-120325,0
T-120326,1
T-120327,0
T-120328,0
T-120329,0
T-120330,1
T-120331,0
T-120332,0
T-120333,0
T-120334,0
T-120335,0
T-120336,0
T-120337,0
T-120338,0
T-120339,1
T-120340,0
T-120341,0
T-120342,1
T-120343,0
T-120344,0
T-120345,0
T-120346,0
T-120347,1
T-120348,0
T-120349,0
T-120350,1
T-120351,0
T-120352,0
T-120353,0
T-120354,0
T-120355,0
T-120356,0
T-120357,0
T-120358,0
T-120359,0
T-120360,0
T-120361,0
T-120362,0
T-120363,0
T-120364,0
T-120365,0
T-120366,1
T-120367,0
T-120368,1
T-120369,0
T-120370,0
T-120371,0
T-120372,0
T-120373,0
T-120374,0
T-120375,0
T-120376,0
T-120377,0
T-120378,0
T-120379,0
T-120380,0
T-120381,0
T-120382,0
T-120383,1
T-120384,0
T-120385,1
T-120386,0
T-120387,0
T-120388,0
T-120389,1
T-120390,0
T-120391,0
T-120392,0
T-120393,0
T-120394,0
T-120395,0
T-120396,0
T-120397,0
T-120398,0
T-120399,1
T-120400,0
T-120401,0
T-120402,1
T-120403,0
T-120404,1
T-120405,0
T-120406,0
T-120407,0
T-120408,1
T-120409,1
T-120410,0
T-120411,0
T-120412,0
T-120413,0
T-120414,0
T-120415,0
T-120416,0
T-120417,0
T-120418,0
T-120419,0
T-120420,0
T-120421,0
T-120422,0
T-120423,0
T-120424,0
T-120425,0
T-120426,0
T-120427,0
T-120428,0
T-120429,0
T-120430,0
T-120431,1
T-120432,0
T-120433,0
T-120434,1
T-120435,1
T-120436,0
T-120437,0
T-120438,0
T-120439,0
T-120440,0
T-120441,0
T-120442,0
T-120443,0
T-120444,0
T-120445,0
T-120446,0
T-120447,0
T-120448,0
T-120449,0
T-120450,0
T-120451,1
T-120452,1
T-120453,0
T-120454,0
T-120455,0
T-120456,0
T-120457,1
T-120458,0
T-120459,0
T-120460,1
T-120461,0
T-120462,0
T-120463,0
T-120464,1
T-120465,0
T-120466,0
T-120467,0
T-120468,0
T-120469,0
T-120470,0
T-120471,0
T-120472,0
T-120473,0
T-120474,0
T-120475,0
T-120476,0
T-120477,0
T-120478,0
T-120479,0
T-120480,0
T-120481,0
T-120482,0
T-120483,0
T-120484,0
T-120485,0
T-120486,1
T-120487,1
T-120488,0
T-120489,1
T-120490,0
T-120491,0
T-120492,0
T-120493,0
T-120494,0
T-120495,0
T-120496,0
T-120497,0
T-120498,0
T-120499,0
T-120500,0
T-120501,0
T-120502,0
T-120503,0
T-120504,0
T-120505,0
T-120506,0
T-120507,0
T-120508,0
T-120509,0
T-120510,1
T-120511,0
T-120512,1
T-120513,1
T-120514,0
T-120515,0
T-120516,0
T-120517,0
T-120518,0
T-120519,0
T-120520,0
T-120521,0
T-120522,0
T-120523,0
T-120524,0
T-120525,0
T-120526,0
T-120527,0
T-120528,0
T-120529,0
T-120530,0
T-120531,0
T-120532,0
T-120533,0
T-120534,0
T-120535,0
T-120536,0
T-120537,0
T-120538,0
T-120539,0
T-120540,0
T-120541,1
T-120542,0
T-120543,0
T-120544,0
T-120545,0
T-120546,0
T-120547,0
T-120548,0
T-120549,0
T-120550,0
T-120551,1
T-120552,1
T-120553,0
T-120554,0
T-120555,0
T-120556,0
T-120557,0
T-120558,0
T-120559,0
T-120560,0
T-120561,0
T-120562,0
T-120563,0
T-120564,0
T-120565,0
T-120566,0
T-120567,0
T-120568,1
T-120569,0
T-120570,0
T-120571,0
T-120572,0
T-120573,0
T-120574,1
T-120575,0
T-120576,0
T-120577,0
T-120578,0
T-120579,0
T-120580,0
T-120581,0
T-120582,0
T-120583,0
T-120584,0
T-120585,1
T-120586,0
T-120587,1
T-120588,0
T-120589,0
T-120590,1
T-120591,0
T-120592,0
T-120593,0
T-120594,0
T-120595,0
T-120596,0
T-120597,1
T-120598,0
T-120599,1
T-120600,0
T-120601,0
T-120602,0
T-120603,0
T-120604,0
T-120605,0
T-120606,0
T-120607,0
T-120608,0
T-120609,0
T-120610,1
T-120611,0
T-120612,0
T-120613,0
T-120614,0
T-120615,0
T-120616,0
T-120617,0
T-120618,0
T-120619,0
T-120620,0
T-120621,0
T-120622,0
T-120623,0
T-120624,0
T-120625,0
T-120626,0
T-120627,0
T-120628,0
T-120629,0
T-120630,0
T-120631,0
T-120632,1
