customer_id,name,email,segment,region,joined_on,created_at
C-0001,Olga Olsen,olga.olsen@example.com,home,north,2024-10-18,2024-10-18 09:42:49+00
C-0002,Emma Costa,emma.costa@example.com,home,west,2023-11-17,2023-11-17 14:23:59+00
C-0003,Bruno Ivanova,bruno.ivanova@example.com,trade,west,2025-09-27,2025-09-27 09:39:05+00
C-0004,Emma Petrov,emma.petrov@example.com,home,west,2020-04-05,2020-04-05 21:13:26+00
C-0005,Sofia Nakamura,sofia.nakamura@example.com,home,east,2024-08-29,2024-08-29 16:09:30+00
C-0006,Dev Garcia,dev.garcia@example.com,business,west,2023-02-28,2023-02-28 18:42:10+00
C-0007,Grace Olsen,grace.olsen@example.com,business,north,2024-12-02,2024-12-02 15:47:30+00
C-0008,Dina Chen,dina.chen@example.com,home,west,2022-05-22,2022-05-22 14:03:52+00
C-0009,Wen Nakamura,wen.nakamura@example.com,home,east,2026-05-24,2026-05-24 08:53:34+00
C-0010,Valeria Fernandes,valeria.fernandes@example.com,home,north,2023-11-24,2023-11-24 16:16:48+00
C-0011,Jade Becker,jade.becker@example.com,home,west,2025-09-24,2025-09-24 17:34:19+00
C-0012,Emma Petrov,emma.petrov2@example.com,trade,west,2025-11-22,2025-11-22 11:32:41+00
C-0013,Pedro Dimitrov,pedro.dimitrov@example.com,home,east,2025-01-16,2025-01-16 10:32:02+00
C-0014,Olga Hughes,olga.hughes@example.com,business,north,2024-11-30,2024-11-30 16:43:15+00
C-0015,Ximena Petrov,ximena.petrov@example.com,home,north,2020-08-10,2020-08-10 16:52:56+00
C-0016,Samir Singh,samir.singh@example.com,home,west,2026-02-20,2026-02-20 20:08:46+00
C-0017,Carmen Yilmaz,carmen.yilmaz@example.com,home,south,2024-07-26,2024-07-26 16:49:52+00
C-0018,Ezra Singh,ezra.singh@example.com,home,east,2024-06-04,2024-06-04 09:45:28+00
C-0019,Gil Walsh,gil.walsh@example.com,home,west,2022-08-12,2022-08-12 17:06:05+00
C-0020,Priyanka Lindqvist,priyanka.lindqvist@example.com,home,north,2022-03-06,2022-03-06 10:35:34+00
C-0021,Dina Gomez,dina.gomez@example.com,home,west,2025-11-10,2025-11-10 21:40:02+00
C-0022,Hugo Garcia,hugo.garcia@example.com,home,east,2021-05-27,2021-05-27 09:03:22+00
C-0023,Priyanka Kaur,priyanka.kaur@example.com,home,west,2024-05-24,2024-05-24 14:54:45+00
C-0024,George Brennan,george.brennan@example.com,trade,east,2022-06-01,2022-06-01 17:50:55+00
C-0025,Oscar Fischer,oscar.fischer@example.com,home,west,2020-04-06,2020-04-06 20:51:51+00
C-0026,Victor Takahashi,victor.takahashi@example.com,home,south,2024-03-29,2024-03-29 14:05:12+00
C-0027,Uma Walsh,uma.walsh@example.com,business,,2024-07-14,2024-07-14 07:33:30+00
C-0028,Noah Park,noah.park@example.com,home,west,2021-05-06,2021-05-06 19:39:48+00
C-0029,Noah Ramos,noah.ramos@example.com,home,north,2019-04-27,2019-04-27 15:48:25+00
C-0030,Amara Santos,amara.santos@example.com,trade,south,2020-02-04,2020-02-04 11:42:45+00
C-0031,Pedro Eriksen,pedro.eriksen@example.com,home,north,2026-02-15,2026-02-15 12:07:53+00
C-0032,Felix Novak,felix.novak@example.com,home,east,2026-04-15,2026-04-15 21:25:34+00
C-0033,Yusuf Okafor,yusuf.okafor@example.com,home,west,2022-09-04,2022-09-04 16:47:01+00
C-0034,Amara Murphy,amara.murphy@example.com,home,south,2024-06-19,2024-06-19 17:07:17+00
C-0035,Hugo Varga,hugo.varga@example.com,business,east,2024-10-27,2024-10-27 16:28:22+00
C-0036,Farah Hughes,farah.hughes@example.com,trade,east,2025-09-25,2025-09-25 09:54:46+00
C-0037,Bruno Becker,bruno.becker@example.com,home,south,2023-07-17,2023-07-17 07:31:09+00
C-0038,Jonas Yilmaz,jonas.yilmaz@example.com,home,west,2020-05-08,2020-05-08 07:57:04+00
C-0039,Marco Garcia,marco.garcia@example.com,trade,east,2019-09-27,2019-09-27 11:32:32+00
C-0040,Emma Quinlan,emma.quinlan@example.com,business,west,2019-06-13,2019-06-13 20:10:54+00
