ticket_id,author,body,created_at
T-40002,agent,I can see the second payment for order BB-310679. We have refunded it; you will see it in 3 to 5 days.,2026-09-27 19:18:42+00
T-40002,customer,I have attached the photo now.,2026-09-28 05:37:42+00
T-40002,agent,I can see the second payment for order BB-310679. We have refunded it; you will see it in 3 to 5 days.,2026-09-28 08:02:42+00
T-40004,agent,I can see the second payment for order BB-310181. We have refunded it; you will see it in 3 to 5 days.,2026-09-27 18:59:56+00
T-40006,agent,I can see the second payment for order BB-310605. We have refunded it; you will see it in 3 to 5 days.,2026-09-28 11:41:51+00
T-40006,customer,Any news on this?,2026-09-29 01:28:51+00
T-40007,agent,Your order BB-310771 left our shop yesterday. The courier's page can take a day to show it.,2026-09-28 12:09:55+00
T-40008,agent,Thank you for writing to Bramble Books. I have checked order BB-310159 and passed it to our team.,2026-09-28 23:48:45+00
T-40008,customer,"Thank you, that helps.",2026-09-29 02:58:45+00
T-40009,agent,Sorry about this. Could you send a photo of the book and the box? Then we can send a new copy.,2026-09-30 16:54:47+00
T-40010,agent,I can see the second payment for order BB-310458. We have refunded it; you will see it in 3 to 5 days.,2026-09-30 22:53:57+00
T-40010,customer,"Thank you, that helps.",2026-10-01 09:53:57+00
T-40011,agent,Sorry about this. Could you send a photo of the book and the box? Then we can send a new copy.,2026-09-30 22:45:41+00
T-40012,agent,Your order BB-310047 left our shop yesterday. The courier's page can take a day to show it.,2026-10-01 01:11:57+00
T-40012,customer,"Thank you, that helps.",2026-10-01 03:27:57+00
T-40013,agent,Sorry about this. Could you send a photo of the book and the box? Then we can send a new copy.,2026-10-02 19:15:05+00
T-40013,customer,I have attached the photo now.,2026-10-03 03:13:05+00
T-40013,agent,Sorry about this. Could you send a photo of the book and the box? Then we can send a new copy.,2026-10-03 15:09:05+00
T-40014,agent,Thank you for writing to Bramble Books. I have checked order BB-310417 and passed it to our team.,2026-10-02 21:53:22+00
T-40014,customer,"Thank you, that helps.",2026-10-03 03:36:22+00
T-40015,agent,I can see the second payment for order BB-310609. We have refunded it; you will see it in 3 to 5 days.,2026-10-02 18:07:50+00
T-40015,customer,"Thank you, that helps.",2026-10-02 20:09:50+00
T-40016,agent,Sorry about this. Could you send a photo of the book and the box? Then we can send a new copy.,2026-10-02 20:15:35+00
T-40018,agent,Your order BB-310553 left our shop yesterday. The courier's page can take a day to show it.,2026-10-03 05:03:24+00
T-40018,customer,I have attached the photo now.,2026-10-03 13:03:24+00
T-40019,agent,Your order BB-310085 left our shop yesterday. The courier's page can take a day to show it.,2026-10-04 05:15:10+00
T-40019,customer,Any news on this?,2026-10-04 10:13:10+00
T-40019,agent,Sorry about this. Could you send a photo of the book and the box? Then we can send a new copy.,2026-10-04 16:51:10+00
T-40020,agent,Your order BB-310528 left our shop yesterday. The courier's page can take a day to show it.,2026-10-04 01:45:22+00
T-40020,customer,I have attached the photo now.,2026-10-04 14:03:22+00
T-40021,agent,Thank you for writing to Bramble Books. I have checked order BB-310209 and passed it to our team.,2026-10-04 06:37:51+00
T-40021,customer,"Thank you, that helps.",2026-10-04 18:56:51+00
T-40021,agent,I can see the second payment for order BB-310209. We have refunded it; you will see it in 3 to 5 days.,2026-10-05 01:29:51+00
T-40022,agent,Thank you for writing to Bramble Books. I have checked order BB-310969 and passed it to our team.,2026-10-04 08:11:35+00
T-40022,customer,Any news on this?,2026-10-04 21:33:35+00
T-40022,agent,I can see the second payment for order BB-310969. We have refunded it; you will see it in 3 to 5 days.,2026-10-05 08:58:35+00
T-40023,agent,I can see the second payment for order BB-310066. We have refunded it; you will see it in 3 to 5 days.,2026-10-04 23:20:37+00
T-40023,customer,Any news on this?,2026-10-05 06:31:37+00
T-40023,agent,Sorry about this. Could you send a photo of the book and the box? Then we can send a new copy.,2026-10-05 13:01:37+00
T-40024,agent,I can see the second payment for order BB-310360. We have refunded it; you will see it in 3 to 5 days.,2026-10-04 14:36:28+00
T-40025,agent,Your order BB-310977 left our shop yesterday. The courier's page can take a day to show it.,2026-10-05 01:37:33+00
T-40026,agent,Your order BB-310384 left our shop yesterday. The courier's page can take a day to show it.,2026-10-05 19:46:12+00
T-40027,agent,Thank you for writing to Bramble Books. I have checked order BB-310744 and passed it to our team.,2026-10-06 02:13:16+00
T-40027,customer,"Thank you, that helps.",2026-10-06 16:29:16+00
T-40028,agent,Your order BB-310979 left our shop yesterday. The courier's page can take a day to show it.,2026-10-06 00:08:50+00
T-40028,customer,"Thank you, that helps.",2026-10-06 05:28:50+00
T-40028,agent,I can see the second payment for order BB-310979. We have refunded it; you will see it in 3 to 5 days.,2026-10-06 12:41:50+00
T-40029,agent,I can see the second payment for order BB-310294. We have refunded it; you will see it in 3 to 5 days.,2026-10-06 19:53:23+00
T-40029,customer,"Thank you, that helps.",2026-10-07 03:55:23+00
T-40030,agent,Sorry about this. Could you send a photo of the book and the box? Then we can send a new copy.,2026-10-07 02:14:01+00
T-40030,customer,Any news on this?,2026-10-07 12:23:01+00
T-40031,agent,Sorry about this. Could you send a photo of the book and the box? Then we can send a new copy.,2026-10-06 20:04:12+00
T-40033,agent,Thank you for writing to Bramble Books. I have checked order BB-310023 and passed it to our team.,2026-10-07 07:26:49+00
T-40033,customer,"Thank you, that helps.",2026-10-07 19:41:49+00
T-40034,agent,Your order BB-310376 left our shop yesterday. The courier's page can take a day to show it.,2026-10-08 02:12:35+00
T-40035,agent,I can see the second payment for order BB-310701. We have refunded it; you will see it in 3 to 5 days.,2026-10-08 00:54:58+00
T-40037,agent,Thank you for writing to Bramble Books. I have checked order BB-310057 and passed it to our team.,2026-10-08 02:51:13+00
T-40039,agent,Thank you for writing to Bramble Books. I have checked order BB-310304 and passed it to our team.,2026-10-08 22:17:11+00
