order_id,product,quantity,unit_price
LK-118342,garden hose,1,34.50
LK-179785,compost bin,2,64.00
LK-205761,compost bin,1,64.00
LK-245426,paddling pool,2,48.99
LK-266415,hammock,1,74.00
LK-316109,wool rug,2,149.00
LK-347101,robot vacuum,2,329.00
LK-350972,hose reel,1,59.00
LK-350972,watering can,1,19.95
LK-371548,robot vacuum,1,329.00
LK-374058,curtain pole,1,39.95
LK-428830,patio parasol,1,129.00
LK-482913,curtain pole,1,39.95
LK-507862,tool chest,1,119.00
LK-551906,potting soil (40 L),1,12.99
LK-551906,trowel,2,8.50
LK-553201,hose reel,1,59.00
LK-557211,solar path lights (set of 6),2,45.00
LK-561004,solar path lights (set of 6),1,45.00
LK-581106,garden shed,1,899.00
LK-582031,paddling pool,1,48.99
LK-615204,garden shed,1,899.00
LK-640933,trampoline,1,289.00
LK-699159,solar path lights (set of 6),1,45.00
LK-702219,garden chair,4,54.00
LK-736201,cordless hedge trimmer,1,139.00
LK-739156,terracotta pot (set of 3),1,27.50
LK-774120,curtain pole,1,39.95
LK-785215,potting soil (40 L),2,12.99
LK-793996,watering can,1,19.95
LK-830215,wooden garden bench,1,249.00
LK-889023,pruning shears,1,24.95
LK-909558,robot vacuum,2,329.00
LK-913377,electric hedge trimmer,1,99.00
LK-967013,electric hedge trimmer,2,99.00
LK-985069,garden chair,2,54.00
