ticket_id,customer_id,created_at,contact_channel,team,priority,order_value,word_count,first_reply_minutes,priority_now,closed_at
T-12016,C-0122,2026-07-01 11:25:21,web_form,returns,3,$10.85,57,,3,
T-12026,C-0125,2026-07-01 11:31:57,chat,delivery,2,$25.58,29,,2,
T-12018,C-0078,2026-07-02 17:10:10,phone,warranty,2,$91.70,120,,2,
T-12021,C-0240,2026-07-02 20:50:28,chat,delivery,2,$25.43,88,,2,
T-12039,C-0184,2026-07-03 17:30:42,email,warranty,2,$127.31,79,,2,
T-12037,C-0063,2026-07-03 23:12:25,web_form,payment,2,$109.81,66,,2,
T-12028,C-0214,2026-07-06 16:25:37,chat,returns,3,$57.64,136,,3,
T-12031,C-0191,2026-07-06 18:39:08,email,payment,1,$71.87,94,,1,
T-12035,C-0094,2026-07-07 19:09:51,email,delivery,3,$34.63,53,,3,
T-12002,C-0099,2026-07-08 10:59:35,email,returns,3,$94.32,66,,3,
T-12023,C-0153,2026-07-10 08:46:33,web_form,delivery,3,$146.24,55,,3,
T-12013,C-0223,2026-07-10 21:42:26,web_form,delivery,3,$13.66,72,,3,
T-12020,C-0107,2026-07-12 18:09:50,phone,delivery,3,$47.43,273,,3,
T-12038,C-0206,2026-07-13 09:41:03,email,returns,3,$153.25,167,,3,
T-12022,C-0056,2026-07-13 17:36:55,email,account,3,,210,,3,
T-12030,C-0065,2026-07-13 19:57:51,email,account,3,,55,,3,
T-12003,C-0216,2026-07-15 19:04:08,email,payment,2,$179.28,195,,2,
T-12008,C-0240,2026-07-16 12:22:44,email,warranty,3,$72.20,116,,3,
T-12005,C-0007,2026-07-16 15:08:23,chat,account,1,,61,,1,
T-12025,C-0195,2026-07-16 20:17:02,email,account,2,,98,,2,
T-12004,C-0228,2026-07-17 07:14:58,email,returns,3,$45.99,93,,3,
T-12006,C-0076,2026-07-17 18:48:15,email,returns,3,$107.76,112,,3,
T-12024,C-0165,2026-07-19 13:06:41,phone,returns,3,$81.94,106,,3,
T-12009,C-0135,2026-07-19 14:05:27,email,account,3,,41,,3,
T-12019,C-0127,2026-07-20 15:16:05,chat,delivery,3,$39.52,249,,3,
T-12029,C-0060,2026-07-21 13:09:05,phone,warranty,2,$84.25,265,,2,
T-12001,C-0094,2026-07-21 20:16:25,chat,delivery,1,$21.32,437,,1,
T-12032,C-0181,2026-07-22 12:08:44,phone,payment,2,$21.01,57,,2,
T-12040,C-0097,2026-07-22 14:00:47,chat,delivery,1,$21.59,89,,1,
T-12012,C-0083,2026-07-22 15:05:48,email,returns,2,$120.84,102,,2,
T-12017,C-0062,2026-07-22 17:56:32,email,returns,2,$187.73,42,,2,
T-12027,C-0081,2026-07-24 03:14:34,web_form,delivery,2,$86.41,162,,2,
T-12015,C-0023,2026-07-24 16:36:23,chat,payment,3,$155.72,69,,3,
T-12007,C-0181,2026-07-26 17:44:52,web_form,returns,2,$63.50,113,,2,
T-12011,C-0054,2026-07-27 08:13:46,phone,returns,3,$43.96,100,,3,
T-12033,C-0044,2026-07-27 14:06:35,email,returns,2,$23.89,160,,2,
T-12010,C-0061,2026-07-27 17:27:07,chat,delivery,3,$23.82,20,,3,
T-12036,C-0093,2026-07-27 18:05:45,phone,returns,1,$66.83,150,,1,
T-12034,C-0039,2026-07-27 19:31:48,chat,account,1,,102,,1,
T-12014,C-0014,2026-07-28 09:29:02,email,payment,3,$49.76,106,,3,
