ticket_id,created_at,channel,team,segment,region,priority,order_value,word_count,customer_tenure_days,prior_tickets_90d,created_hour,prior_escalations_90d,score
T-116940,2026-05-01 03:55:18,chat,payment,trade,east,2,134.44,67,1528.0,8,3,1,0.18759833721951683
T-116941,2026-05-01 05:16:38,phone,returns,trade,west,3,127.55,57,2323.0,2,5,0,0.0647345518836264
T-116942,2026-05-01 07:09:43,web_form,payment,trade,east,2,47.36,63,74.0,5,7,0,0.12958362401471518
T-116943,2026-05-01 07:45:30,email,warranty,home,west,1,12.36,33,1805.0,3,7,0,0.179840268381146
T-116944,2026-05-01 07:47:30,web_form,warranty,trade,west,2,549.72,86,1887.0,2,7,0,0.2447348285851826
T-116945,2026-05-01 07:49:19,web_form,delivery,trade,south,2,473.08,79,968.0,4,7,0,0.11380176016634329
T-116946,2026-05-01 08:18:29,phone,returns,trade,south,3,112.38,90,1517.0,3,8,1,0.08196534331715952
T-116947,2026-05-01 09:01:57,phone,warranty,trade,north,3,59.59,133,1656.0,16,9,0,0.08328064413765171
T-116948,2026-05-01 09:02:52,chat,delivery,home,east,2,131.93,147,1974.0,8,9,0,0.07576713736853365
T-116949,2026-05-01 09:07:31,chat,payment,home,west,3,168.77,42,2157.0,4,9,0,0.04691389497917641
T-116950,2026-05-01 09:15:45,email,warranty,business,south,3,524.88,79,870.0,10,9,2,0.15358155932353412
T-116951,2026-05-01 09:30:30,email,delivery,home,south,2,54.75,217,1360.0,0,9,0,0.12342733046921697
T-116952,2026-05-01 09:46:54,email,delivery,trade,south,3,105.69,144,2524.0,3,9,0,0.05261910073697122
T-116953,2026-05-01 09:52:54,email,returns,trade,east,2,58.98,88,1085.0,5,9,1,0.10463357633208177
T-116954,2026-05-01 11:51:05,chat,payment,home,west,2,46.5,205,1598.0,1,11,0,0.22231891727941935
T-116955,2026-05-01 12:44:13,email,delivery,home,north,1,94.75,96,1212.0,3,12,0,0.12215758903148517
T-116956,2026-05-01 13:34:46,email,warranty,trade,south,2,62.99,120,715.0,1,13,1,0.22514947075209799
T-116957,2026-05-01 13:39:41,web_form,returns,home,east,3,39.65,78,798.0,3,13,0,0.01903932520039061
T-116958,2026-05-01 13:45:49,email,returns,trade,east,2,100.86,60,2343.0,19,13,2,0.06922453131142428
T-116959,2026-05-01 13:58:35,chat,payment,trade,east,1,113.62,96,1802.0,2,13,1,0.42073038888449277
