ticket_id,customer_id,subject,body,channel,team,priority,status,created_at,updated_at,closed_at
T-40001,B-20101,Charged twice for order BB-310729,"My card was charged two times for order BB-310729, 47.50 dollars each time. Please refund one of the payments.",web_form,billing,1,open,2026-09-27 00:20:32+00,2026-09-27 00:20:32+00,
T-40002,B-20102,Charged twice for my book order,I paid once for order BB-310679 but my bank shows two payments of 43.50 dollars. Can you refund the second one?,web_form,billing,1,pending,2026-09-27 04:22:42+00,2026-09-28 08:02:42+00,
T-40003,B-20103,Book arrived damaged,A Field Guide to Moss arrived with a bent cover and torn pages. The box was crushed. Order BB-310166. Photo attached.,chat,shipping,1,open,2026-09-27 06:27:41+00,2026-09-27 06:27:41+00,
T-40004,B-20110,Charged twice for order BB-310181,"My card was charged two times for order BB-310181, 220.00 dollars each time. Please refund one of the payments.",email,billing,1,closed,2026-09-27 06:58:56+00,2026-09-27 21:04:56+00,2026-09-27 21:04:56+00
T-40005,B-20111,Change the delivery address of BB-310741,Can you send order BB-310741 to my office instead? It has not shipped yet.,email,shipping,3,resolved,2026-09-27 10:07:15+00,2026-09-27 11:39:15+00,2026-09-27 11:39:15+00
T-40006,B-20111,Where is my order BB-310605?,I ordered Salt and Cedar (order BB-310605) last week and the tracking page has not changed for four days.,email,shipping,2,resolved,2026-09-28 03:42:51+00,2026-09-29 09:46:51+00,2026-09-29 09:46:51+00
T-40007,B-20105,Charged twice for order BB-310771,"My card was charged two times for order BB-310771, 51.50 dollars each time. Please refund one of the payments.",web_form,billing,1,resolved,2026-09-28 08:11:55+00,2026-09-28 17:17:55+00,2026-09-28 17:17:55+00
T-40008,B-20112,Pre-order date changed,The pre-order date for Quiet Gardens moved again. Is order BB-310159 still coming this month?,phone,shipping,2,closed,2026-09-28 21:47:45+00,2026-09-29 04:03:45+00,2026-09-29 04:03:45+00
T-40009,B-20105,Invoice for the school library,Please send an invoice with our school's name for order BB-310267. Our accounts team needs it.,email,billing,3,resolved,2026-09-30 08:09:47+00,2026-09-30 20:54:47+00,2026-09-30 20:54:47+00
T-40010,B-20109,Book arrived damaged,The Orchard Year arrived with a bent cover and torn pages. The box was crushed. Order BB-310458. Photo attached.,chat,shipping,1,closed,2026-09-30 09:32:57+00,2026-10-01 14:34:57+00,2026-10-01 14:34:57+00
T-40011,B-20106,Where is my order BB-310394?,I ordered Quiet Gardens (order BB-310394) last week and the tracking page has not changed for four days.,web_form,shipping,2,open,2026-09-30 18:12:41+00,2026-09-30 22:45:41+00,
T-40012,B-20109,Change the delivery address of BB-310047,Can you send order BB-310047 to my office instead? It has not shipped yet.,web_form,shipping,3,resolved,2026-09-30 21:20:57+00,2026-10-01 10:11:57+00,2026-10-01 10:11:57+00
T-40013,B-20104,Two accounts with one email,I think I made two accounts by mistake. Can you join them?,email,login,3,pending,2026-10-02 09:42:05+00,2026-10-03 15:09:05+00,
T-40014,B-20112,Do you buy used books?,I have two boxes of used novels. Do you buy or trade used books?,phone,other,3,resolved,2026-10-02 11:20:22+00,2026-10-03 07:15:22+00,2026-10-03 07:15:22+00
T-40015,B-20106,Gift card was not accepted,The checkout refused my Bramble gift card when I tried to pay for Stars for Beginners.,email,billing,2,closed,2026-10-02 17:01:50+00,2026-10-02 20:57:50+00,2026-10-02 20:57:50+00
T-40016,B-20105,Two accounts with one email,I think I made two accounts by mistake. Can you join them?,email,login,3,resolved,2026-10-02 18:22:35+00,2026-10-03 06:04:35+00,2026-10-03 06:04:35+00
T-40017,B-20106,Book club discount,Our reading circle buys ten copies each month. Is there a discount for book clubs?,chat,other,3,closed,2026-10-03 03:17:26+00,2026-10-03 07:16:26+00,2026-10-03 07:16:26+00
T-40018,B-20111,Two accounts with one email,I think I made two accounts by mistake. Can you join them?,web_form,login,3,resolved,2026-10-03 03:30:24+00,2026-10-03 20:01:24+00,2026-10-03 20:01:24+00
T-40019,B-20109,Refund not received for order BB-310085,I returned Night Trains of Europe two weeks ago and I still have no refund for order BB-310085.,web_form,billing,2,pending,2026-10-03 15:55:10+00,2026-10-04 16:51:10+00,
T-40020,B-20102,Update my email address,I have a new email address. Please change it on my Bramble account.,email,account,3,resolved,2026-10-03 16:45:22+00,2026-10-04 22:16:22+00,2026-10-04 22:16:22+00
T-40021,B-20109,Update my email address,I have a new email address. Please change it on my Bramble account.,email,account,3,resolved,2026-10-03 16:45:51+00,2026-10-05 03:32:51+00,2026-10-05 03:32:51+00
T-40022,B-20107,Gift card was not accepted,The checkout refused my Bramble gift card when I tried to pay for Salt and Cedar.,web_form,billing,2,resolved,2026-10-03 18:29:35+00,2026-10-05 17:59:35+00,2026-10-05 17:59:35+00
T-40023,B-20103,Refund not received for order BB-310066,I returned Night Trains of Europe two weeks ago and I still have no refund for order BB-310066.,chat,billing,2,open,2026-10-04 10:20:37+00,2026-10-05 13:01:37+00,
T-40024,B-20106,Book club discount,Our reading circle buys ten copies each month. Is there a discount for book clubs?,email,other,3,resolved,2026-10-04 11:51:28+00,2026-10-04 20:43:28+00,2026-10-04 20:43:28+00
T-40025,B-20111,Book club discount,Our reading circle buys ten copies each month. Is there a discount for book clubs?,email,other,3,closed,2026-10-04 14:51:33+00,2026-10-05 09:30:33+00,2026-10-05 09:30:33+00
T-40026,B-20105,Book club discount,Our reading circle buys ten copies each month. Is there a discount for book clubs?,chat,other,3,resolved,2026-10-05 12:30:12+00,2026-10-06 01:50:12+00,2026-10-06 01:50:12+00
T-40027,B-20102,Refund not received for order BB-310744,I returned Stars for Beginners two weeks ago and I still have no refund for order BB-310744.,email,billing,2,closed,2026-10-05 15:11:16+00,2026-10-06 23:03:16+00,2026-10-06 23:03:16+00
T-40028,B-20110,Cannot sign in to my account,"The sign-in page says my password is wrong, but the reset email never arrives.",email,login,2,open,2026-10-05 19:59:50+00,2026-10-06 12:41:50+00,
T-40029,B-20103,Wrong book in my parcel,I ordered Maps of Small Rivers but the parcel for order BB-310294 had a different book in it.,web_form,shipping,2,closed,2026-10-06 12:03:23+00,2026-10-07 08:06:23+00,2026-10-07 08:06:23+00
T-40030,B-20105,Charged twice for order BB-310465,"My card was charged two times for order BB-310465, 26.00 dollars each time. Please refund one of the payments.",email,billing,1,resolved,2026-10-06 18:10:01+00,2026-10-07 17:59:01+00,2026-10-07 17:59:01+00
T-40031,B-20102,Two accounts with one email,I think I made two accounts by mistake. Can you join them?,email,login,3,pending,2026-10-06 18:20:12+00,2026-10-06 20:04:12+00,
T-40032,B-20108,Book arrived damaged,Quiet Gardens arrived with a bent cover and torn pages. The box was crushed. Order BB-310735. Photo attached.,email,shipping,1,resolved,2026-10-06 19:34:28+00,2026-10-07 04:16:28+00,2026-10-07 04:16:28+00
T-40033,B-20110,Close my account,Please close my account and delete my reading list.,email,account,3,resolved,2026-10-07 03:20:49+00,2026-10-08 00:34:49+00,2026-10-08 00:34:49+00
T-40034,B-20111,Charged twice for my book order,I paid once for order BB-310376 but my bank shows two payments of 51.50 dollars. Can you refund the second one?,email,billing,1,open,2026-10-07 12:30:35+00,2026-10-08 02:12:35+00,
T-40035,B-20107,Book arrived damaged,The Lighthouse Cookbook arrived with a bent cover and torn pages. The box was crushed. Order BB-310701. Photo attached.,email,shipping,1,open,2026-10-07 13:17:58+00,2026-10-08 00:54:58+00,
T-40036,B-20104,Gift card was not accepted,The checkout refused my Bramble gift card when I tried to pay for The Lighthouse Cookbook.,web_form,billing,2,pending,2026-10-07 18:34:21+00,2026-10-07 18:34:21+00,
T-40037,B-20107,Refund not received for order BB-310057,I returned The Lighthouse Cookbook two weeks ago and I still have no refund for order BB-310057.,email,billing,2,pending,2026-10-07 19:15:13+00,2026-10-08 02:51:13+00,
T-40038,B-20101,Change the delivery address of BB-310882,Can you send order BB-310882 to my office instead? It has not shipped yet.,web_form,shipping,3,pending,2026-10-08 00:13:23+00,2026-10-08 00:13:23+00,
T-40039,B-20110,Where is my order BB-310304?,I ordered Night Trains of Europe (order BB-310304) last week and the tracking page has not changed for four days.,email,shipping,2,open,2026-10-08 14:52:11+00,2026-10-08 22:17:11+00,
T-40040,B-20102,Change the delivery address of BB-310461,Can you send order BB-310461 to my office instead? It has not shipped yet.,chat,shipping,3,pending,2026-10-08 23:12:06+00,2026-10-08 23:12:06+00,
