payment_id,order_id,kind,amount,status,created_on
PAY-118342-1,LK-118342,charge,44.45,captured,2026-09-15
PAY-179785-1,LK-179785,charge,128.00,captured,2026-09-13
PAY-205761-1,LK-205761,charge,73.95,captured,2026-10-05
PAY-245426-1,LK-245426,charge,107.93,captured,2026-09-14
PAY-266415-1,LK-266415,charge,83.95,captured,2026-09-28
PAY-316109-A,LK-316109,authorisation,298.00,released,2026-09-16
PAY-347101-1,LK-347101,charge,658.00,captured,2026-09-11
PAY-350972-1,LK-350972,charge,88.90,captured,2026-09-30
PAY-350972-2,LK-350972,charge,88.90,captured,2026-09-30
PAY-371548-1,LK-371548,charge,329.00,captured,2026-10-01
PAY-374058-1,LK-374058,charge,49.90,captured,2026-09-11
PAY-428830-1,LK-428830,charge,129.00,captured,2026-09-26
PAY-482913-1,LK-482913,charge,49.90,captured,2026-09-03
PAY-507862-1,LK-507862,charge,119.00,captured,2026-09-22
PAY-507862-2,LK-507862,charge,119.00,captured,2026-09-22
PAY-551906-1,LK-551906,charge,39.94,captured,2026-09-29
PAY-553201-1,LK-553201,charge,68.95,captured,2026-08-04
PAY-557211-A,LK-557211,authorisation,99.95,authorised,2026-09-21
PAY-561004-1,LK-561004,charge,54.95,captured,2026-09-03
PAY-581106-1,LK-581106,charge,899.00,captured,2026-10-05
PAY-582031-A,LK-582031,authorisation,58.94,authorised,2026-10-06
PAY-615204-1,LK-615204,charge,899.00,captured,2026-10-02
PAY-640933-A,LK-640933,authorisation,289.00,authorised,2026-10-05
PAY-699159-1,LK-699159,charge,54.95,captured,2026-09-17
PAY-702219-1,LK-702219,charge,216.00,captured,2026-09-18
PAY-736201-1,LK-736201,charge,139.00,captured,2026-09-09
PAY-739156-1,LK-739156,charge,37.45,captured,2026-09-25
PAY-739156-2,LK-739156,charge,37.45,captured,2026-09-25
PAY-774120-1,LK-774120,charge,49.90,captured,2026-09-30
PAY-785215-A,LK-785215,authorisation,35.93,authorised,2026-09-17
PAY-793996-1,LK-793996,charge,29.90,captured,2026-09-16
PAY-830215-1,LK-830215,charge,249.00,captured,2026-05-09
PAY-889023-A,LK-889023,authorisation,34.90,released,2026-10-03
PAY-889023-1,LK-889023,charge,34.90,captured,2026-10-06
PAY-909558-1,LK-909558,charge,658.00,captured,2026-09-23
PAY-913377-1,LK-913377,charge,108.95,captured,2026-08-18
PAY-967013-1,LK-967013,charge,198.00,captured,2026-09-16
PAY-985069-1,LK-985069,charge,108.00,captured,2026-09-28
PAY-640218-1,LK-640218,charge,149.00,captured,2026-09-21
PAY-640327-1,LK-640327,charge,46.90,captured,2026-10-02
PAY-640436-1,LK-640436,charge,98.95,captured,2026-09-30
PAY-640545-1,LK-640545,charge,22.94,captured,2026-09-29
PAY-640654-1,LK-640654,charge,44.45,captured,2026-10-02
PAY-640763-1,LK-640763,charge,45.95,captured,2026-09-15
PAY-640872-A,LK-640872,authorisation,40.45,authorised,2026-10-07
PAY-640981-1,LK-640981,charge,499.00,captured,2026-10-05
PAY-641090-1,LK-641090,charge,285.00,captured,2026-09-24
PAY-641199-1,LK-641199,charge,120.95,captured,2026-09-29
PAY-641210-1,LK-641210,charge,76.95,captured,2026-10-01
PAY-641321-1,LK-641321,charge,129.00,captured,2026-10-02
PAY-641432-1,LK-641432,charge,37.45,captured,2026-09-08
PAY-641543-1,LK-641543,charge,108.00,captured,2026-09-25
PAY-641654-1,LK-641654,charge,108.00,captured,2026-10-02
PAY-641765-1,LK-641765,charge,54.95,captured,2026-09-16
PAY-641876-1,LK-641876,charge,73.95,captured,2026-09-22
PAY-641876-2,LK-641876,charge,73.95,refunded,2026-09-22
PAY-642001-1,LK-642001,charge,449.00,captured,2026-09-29
PAY-642112-1,LK-642112,charge,58.95,captured,2026-09-29
PAY-642223-1,LK-642223,charge,189.00,captured,2026-09-21
PAY-642334-1,LK-642334,charge,249.00,captured,2026-09-28
PAY-642445-1,LK-642445,charge,73.95,captured,2026-10-02
PAY-642556-1,LK-642556,charge,189.00,captured,2026-09-25
PAY-643001-1,LK-643001,charge,99.95,captured,2026-09-04
PAY-643112-1,LK-643112,charge,149.00,captured,2026-09-03
PAY-643223-1,LK-643223,charge,73.95,captured,2026-09-01
PAY-643334-1,LK-643334,charge,45.95,captured,2026-09-22
PAY-643445-1,LK-643445,charge,88.95,captured,2026-09-18
PAY-643556-1,LK-643556,charge,34.90,captured,2026-09-25
PAY-643667-1,LK-643667,charge,83.95,captured,2026-09-09
PAY-643778-1,LK-643778,charge,139.00,captured,2026-09-24
PAY-644001-1,LK-644001,charge,51.90,captured,2026-09-17
PAY-644112-1,LK-644112,charge,129.00,captured,2026-09-29
PAY-644223-1,LK-644223,charge,44.45,captured,2026-10-06
PAY-644334-1,LK-644334,charge,83.95,captured,2026-10-05
PAY-644445-1,LK-644445,charge,37.45,captured,2026-10-01
PAY-644556-1,LK-644556,charge,149.00,captured,2026-09-28
PAY-645001-1,LK-645001,charge,34.90,captured,2026-10-06
PAY-645112-1,LK-645112,charge,63.95,captured,2026-09-25
PAY-645112-2,LK-645112,charge,63.95,captured,2026-09-25
PAY-645223-1,LK-645223,charge,45.95,captured,2026-09-28
PAY-645223-2,LK-645223,charge,45.95,captured,2026-09-28
PAY-645334-1,LK-645334,charge,88.95,captured,2026-09-16
PAY-645445-1,LK-645445,charge,51.90,captured,2026-10-02
PAY-645556-1,LK-645556,charge,29.90,captured,2026-09-16
PAY-645667-1,LK-645667,charge,249.00,captured,2026-09-24
PAY-645778-1,LK-645778,charge,31.95,captured,2026-10-05
PAY-646001-1,LK-646001,charge,108.00,captured,2026-09-23
PAY-646001-2,LK-646001,charge,108.00,captured,2026-09-23
PAY-646112-1,LK-646112,charge,149.00,captured,2026-09-25
PAY-646223-1,LK-646223,charge,37.45,captured,2026-10-01
PAY-646334-1,LK-646334,charge,83.95,captured,2026-09-18
PAY-646445-1,LK-646445,charge,44.45,captured,2026-10-01
PAY-646556-1,LK-646556,charge,329.00,captured,2026-09-29
PAY-646667-1,LK-646667,charge,88.95,captured,2026-10-07
PAY-646778-1,LK-646778,charge,45.95,captured,2026-09-29
