attachment_id,ticket_id,file_name,content_type,size_bytes,sha256,object_key,uploaded_at
34ef8e4b-458e-4c68-91a0-79728852e080,T-30004,photo-1.png,image/png,3508,5f6be85d47a80c48464a229a620c3e5b86a4ac3356682298057998d56e4b8d01,tickets/T-30004/34ef8e4b-458e-4c68-91a0-79728852e080/photo-1.png,2026-09-25 09:01:36+00
50ba0cc3-e31b-4b3b-9fe1-11a4e205d6a0,T-30004,receipt-LK-630122.pdf,application/pdf,757,d9b5535e3f2305deb1824044c639ed2a41c00365bb6bcfaf71795a4acd6ff1df,tickets/T-30004/50ba0cc3-e31b-4b3b-9fe1-11a4e205d6a0/receipt-LK-630122.pdf,2026-09-25 09:01:56+00
f90c2083-9916-405d-b63b-e39fc4cb44f1,T-30007,photo-1.png,image/png,3572,317b7cad7eaa5ac5ce275b5ed6580093dd3a4e274b5497c4c402b12818513e04,tickets/T-30007/f90c2083-9916-405d-b63b-e39fc4cb44f1/photo-1.png,2026-09-25 09:37:03+00
0786654d-2b08-4f1c-94f1-279b521081e1,T-30008,photo-1.png,image/png,3633,60393fd907670937c82221234b99503c79f4edb648e3daad44debecd13dd141e,tickets/T-30008/0786654d-2b08-4f1c-94f1-279b521081e1/photo-1.png,2026-09-25 09:52:13+00
cf26b091-2cc6-4e16-bd73-ddc5a9d939b4,T-30012,photo-1.png,image/png,3684,685a7dc043c18c995709e894f3e96e7a3ea34db21bafb6a56e9fcaa173786af6,tickets/T-30012/cf26b091-2cc6-4e16-bd73-ddc5a9d939b4/photo-1.png,2026-09-25 15:57:20+00
64bdc3ed-e421-4342-9f77-9428a44d16af,T-30014,photo-1.png,image/png,3737,f6d75ff0f43db831ba6d5c32302274e1b803569696cf87019efcf320f3aeff9a,tickets/T-30014/64bdc3ed-e421-4342-9f77-9428a44d16af/photo-1.png,2026-09-25 19:59:54+00
4a15cca4-c14d-4efb-ac1c-212932efead8,T-30014,photo-2.png,image/png,3390,0cc968374ff0c7268d640b17e70ee59bf31ead4e7232528bee2b3aca7c974283,tickets/T-30014/4a15cca4-c14d-4efb-ac1c-212932efead8/photo-2.png,2026-09-25 19:58:31+00
2646ce7c-9180-4b82-84b6-eb99d6bd4b6e,T-30018,photo-1.png,image/png,3640,368c28832673454c97a519fed0d879d9bb316a3e8fc5891561a7acbf960cca90,tickets/T-30018/2646ce7c-9180-4b82-84b6-eb99d6bd4b6e/photo-1.png,2026-09-26 09:03:07+00
da92666b-f5fd-472d-bbec-f739c3916847,T-30021,receipt-LK-413252.pdf,application/pdf,755,3360867aa37be836fc3301e5e51399709906b7bbf702151a17fc501b97eeb913,tickets/T-30021/da92666b-f5fd-472d-bbec-f739c3916847/receipt-LK-413252.pdf,2026-09-26 11:36:55+00
380da7d7-c283-4bc6-9524-e6a2fc48780e,T-30021,receipt-LK-413252.pdf,application/pdf,755,3360867aa37be836fc3301e5e51399709906b7bbf702151a17fc501b97eeb913,tickets/T-30021/380da7d7-c283-4bc6-9524-e6a2fc48780e/receipt-LK-413252.pdf,2026-09-26 11:38:12+00
45ebff9a-b598-464f-b265-7909b0234255,T-30029,receipt-LK-608283.pdf,application/pdf,751,cce69f5bbb1b1412636994275ac5aadc7181b9be415afce0a05030e33c7af782,tickets/T-30029/45ebff9a-b598-464f-b265-7909b0234255/receipt-LK-608283.pdf,2026-09-27 09:59:53+00
e0901da8-0431-47b1-af8e-185798a65d2f,T-30031,receipt-LK-765514.pdf,application/pdf,771,94fae4d34054183672c124d4f38030836a60db97c1ee4b1d60f87f34523defbb,tickets/T-30031/e0901da8-0431-47b1-af8e-185798a65d2f/receipt-LK-765514.pdf,2026-09-27 11:48:24+00
0bc7e55a-03fd-45a2-9579-5686fd81695b,T-30032,receipt-LK-819291.pdf,application/pdf,757,dcc0966d779e263ff351a4bd23378ecad8113b19e8fe2b9d63bd2a27e2dfdd39,tickets/T-30032/0bc7e55a-03fd-45a2-9579-5686fd81695b/receipt-LK-819291.pdf,2026-09-27 13:05:25+00
fcf3867b-6929-4624-9e25-c526ce2f3e67,T-30034,photo-1.png,image/png,3613,91c6510a03d426a8b6d617cb5ce05981fa04160add1dda88ce82103bf7e5a945,tickets/T-30034/fcf3867b-6929-4624-9e25-c526ce2f3e67/photo-1.png,2026-09-27 13:45:30+00
d38ab247-9828-4dce-a1ee-b0b2e6baa45e,T-30034,photo-2.png,image/png,3767,b3f2eb2fd6e42efc0849f80cb2b49f0aa40df31ad86f602d32d1a0e3b358905e,tickets/T-30034/d38ab247-9828-4dce-a1ee-b0b2e6baa45e/photo-2.png,2026-09-27 13:46:40+00
a96769be-5e49-4ea6-86a6-0ecb77808064,T-30041,photo-1.png,image/png,3585,bab5ba466051dfeebd96c1ed4b4b862a70d18d0afe7ee94e03282de322808f4a,tickets/T-30041/a96769be-5e49-4ea6-86a6-0ecb77808064/photo-1.png,2026-09-28 09:42:44+00
b6b1cde0-da55-4d2b-92ef-efaf93c9c36d,T-30041,photo-2.png,image/png,3574,806bac409195891892a54cd7ca8fc2eebee3aff350cd4d310f87e0038425d8b2,tickets/T-30041/b6b1cde0-da55-4d2b-92ef-efaf93c9c36d/photo-2.png,2026-09-28 09:43:06+00
fe0f5aa5-f66c-4c32-82d1-1c88bde73788,T-30043,receipt-LK-887532.pdf,application/pdf,758,b1357b31ffadc4f31c80b674a095d6610b49a1ae8ed0558a22407941d2982f28,tickets/T-30043/fe0f5aa5-f66c-4c32-82d1-1c88bde73788/receipt-LK-887532.pdf,2026-09-28 12:46:18+00
4d60489f-1532-4190-83e4-0488b7fc29b7,T-30046,photo-1.png,image/png,3599,9eade4fded750fb744610de790976e22897836d46cc5410708c06b1a34ca22a1,tickets/T-30046/4d60489f-1532-4190-83e4-0488b7fc29b7/photo-1.png,2026-09-28 15:49:11+00
84297133-b9ab-4a98-9bae-3873ccee1e90,T-30069,receipt-LK-539800.pdf,application/pdf,764,cfee8cf4e3119f7cdf6228d4aef3e4d01adaf588d73b61f84b67e41d725034e1,tickets/T-30069/84297133-b9ab-4a98-9bae-3873ccee1e90/receipt-LK-539800.pdf,2026-09-29 20:22:37+00
c0e680c9-a487-4af9-a6f9-7fe55347f831,T-30075,receipt-LK-857385.pdf,application/pdf,755,992b2ea0b8ee9f09729e05f87b28d9f520927199bd72a78f9f62ea4c21edcb58,tickets/T-30075/c0e680c9-a487-4af9-a6f9-7fe55347f831/receipt-LK-857385.pdf,2026-09-30 08:56:05+00
31868786-10da-423d-b894-0a2a2f4bfb9a,T-30081,receipt-LK-579099.pdf,application/pdf,757,540b8ad80921c345abfe77eb3b58023e0eff1390e575c5198f5d2b9906ad4777,tickets/T-30081/31868786-10da-423d-b894-0a2a2f4bfb9a/receipt-LK-579099.pdf,2026-09-30 12:29:30+00
791020c8-20b3-4f8d-8a81-1a46a2c5d0f3,T-30099,photo-1.png,image/png,3489,9483b5c7155de0b8fb44bbbf82d35a80a00596f119b7422c6d656ef8efd040e6,tickets/T-30099/791020c8-20b3-4f8d-8a81-1a46a2c5d0f3/photo-1.png,2026-10-01 13:13:39+00
889565c7-cfb5-471e-95f2-5642b6af7cc9,T-30100,photo-1.png,image/png,3576,fc41189d650dfc66a9f012b95f53cd6e8d4352cd28953162df6ec6e845a989fe,tickets/T-30100/889565c7-cfb5-471e-95f2-5642b6af7cc9/photo-1.png,2026-10-01 15:07:24+00
8b9d7997-1a76-4477-b160-ea1f3aef3e5f,T-30100,photo-2.png,image/png,3494,54cf623c435496ebbb48e6d71a2ae2caa87b19defdfb917d96a9c80018cd27fb,tickets/T-30100/8b9d7997-1a76-4477-b160-ea1f3aef3e5f/photo-2.png,2026-10-01 15:06:27+00
c438c0ec-a256-41f7-af45-25931b8e958c,T-30128,receipt-LK-158393.pdf,application/pdf,758,2c5bfc222fe63070a86342710240d14f859d201a30c395526b4efa502e24799c,tickets/T-30128/c438c0ec-a256-41f7-af45-25931b8e958c/receipt-LK-158393.pdf,2026-10-03 09:09:06+00
0244fdaa-0b77-4bc5-8051-2fd1710cb83d,T-30134,photo-1.png,image/png,3428,eda22996890ae267a20154fb729883edf207002971e5f6780e8c5fcb60bed19b,tickets/T-30134/0244fdaa-0b77-4bc5-8051-2fd1710cb83d/photo-1.png,2026-10-03 12:16:00+00
c34a0af8-f45b-4087-a77b-c373239f5cda,T-30134,photo-2.png,image/png,3566,5e329d0d6bd574d4ecb4dbff5ba51972021299bba3d255bae4256f6631fd2a0d,tickets/T-30134/c34a0af8-f45b-4087-a77b-c373239f5cda/photo-2.png,2026-10-03 12:16:26+00
02163062-755d-4eff-b073-bfe31ac17a62,T-30141,receipt-LK-497539.pdf,application/pdf,757,a3f3c3775156ac26468dfdfb95bd06467b88f436e8012a06486a72eaebea45c7,tickets/T-30141/02163062-755d-4eff-b073-bfe31ac17a62/receipt-LK-497539.pdf,2026-10-04 08:14:07+00
eb63f747-819c-4df8-8f2b-e37e50bef746,T-30141,receipt-LK-497539.pdf,application/pdf,757,a3f3c3775156ac26468dfdfb95bd06467b88f436e8012a06486a72eaebea45c7,tickets/T-30141/eb63f747-819c-4df8-8f2b-e37e50bef746/receipt-LK-497539.pdf,2026-10-04 08:13:39+00
3e0e45dc-2844-4e41-a44c-37a2cb8af63e,T-30147,photo-1.png,image/png,3540,26d6c3331e00175408a16c36af42f8d03ce6b49bc0511c5442acd5da1ab6ed95,tickets/T-30147/3e0e45dc-2844-4e41-a44c-37a2cb8af63e/photo-1.png,2026-10-04 10:55:59+00
b4691634-c3c7-4641-bd10-64fb800054dc,T-30148,receipt-LK-493508.pdf,application/pdf,755,6d7b391c4bd39668084860f573a3ea045bf2603ed45eff8b6b7d895bb00b1a00,tickets/T-30148/b4691634-c3c7-4641-bd10-64fb800054dc/receipt-LK-493508.pdf,2026-10-04 11:14:06+00
af83500a-2e93-4c20-ac14-bf23dfb9bc6e,T-30151,photo-1.png,image/png,3618,e72854a464bd7ade761205ad69c94cd2c7a6a82d9b17aeaf48f501fc90016a81,tickets/T-30151/af83500a-2e93-4c20-ac14-bf23dfb9bc6e/photo-1.png,2026-10-04 16:12:52+00
671667ea-2e12-4464-aafc-a242548ea7d6,T-30164,receipt-LK-195868.pdf,application/pdf,755,fb7fe0628e916e7d383967873117aaf1ed4cbb8de0302305c391ce04326fc720,tickets/T-30164/671667ea-2e12-4464-aafc-a242548ea7d6/receipt-LK-195868.pdf,2026-10-05 12:19:57+00
65d307dc-22af-420f-b631-77c236953de7,T-30166,photo-1.png,image/png,3653,c4993064b5db5a3f88092dbdd0ca7f6a30e4bba0071a9839315814bbe7abbb97,tickets/T-30166/65d307dc-22af-420f-b631-77c236953de7/photo-1.png,2026-10-05 14:54:15+00
1d765138-f0ef-44cb-b3b3-491185b44b43,T-30178,photo-1.png,image/png,3649,395c250c5fc81869582c6e36401f01a3a8072412416a1f47b53fb677dd856653,tickets/T-30178/1d765138-f0ef-44cb-b3b3-491185b44b43/photo-1.png,2026-10-06 12:38:07+00
333b2227-ef92-40fd-a91c-cb8ae262f0c5,T-30178,photo-2.png,image/png,3458,d2ff345f6b7d500415f6599bacc456cc2f97196338107f939908bbb87883d6e6,tickets/T-30178/333b2227-ef92-40fd-a91c-cb8ae262f0c5/photo-2.png,2026-10-06 12:38:17+00
d73e03dc-3d80-4814-8dd3-9037a46f0827,T-30179,receipt-LK-410400.pdf,application/pdf,765,1e67851eaaa9b1c6e35a02baf9d5e3895eab5a05ef151edf5978715ad370c919,tickets/T-30179/d73e03dc-3d80-4814-8dd3-9037a46f0827/receipt-LK-410400.pdf,2026-10-06 12:43:49+00
1bb29a6a-3a44-46c0-b0eb-cdac79ace81d,T-30179,receipt-LK-410400.pdf,application/pdf,765,1e67851eaaa9b1c6e35a02baf9d5e3895eab5a05ef151edf5978715ad370c919,tickets/T-30179/1bb29a6a-3a44-46c0-b0eb-cdac79ace81d/receipt-LK-410400.pdf,2026-10-06 12:44:50+00
a0ca41e1-c340-460d-929a-84615d10e106,T-30181,photo-1.png,image/png,3712,e1bf61d86254e166ff5f7ddf72b66f43226e805b0269dbd586f91b489f601047,tickets/T-30181/a0ca41e1-c340-460d-929a-84615d10e106/photo-1.png,2026-10-06 15:54:07+00
8068395e-fc0b-4591-a755-5f785afeef94,T-30181,photo-2.png,image/png,3803,a1f5e0430e147981f9b7d58b0d94b0cce2bc4791ff578dc4e079a86779a361b9,tickets/T-30181/8068395e-fc0b-4591-a755-5f785afeef94/photo-2.png,2026-10-06 15:54:36+00
456e5c34-06d6-4989-80c3-881242e06733,T-30187,receipt-LK-547562.pdf,application/pdf,773,08de7d8543b55519b5e21d975187caa002aef60732d5cb315297bf287a12467d,tickets/T-30187/456e5c34-06d6-4989-80c3-881242e06733/receipt-LK-547562.pdf,2026-10-07 08:01:39+00
9b5a3af6-264c-4e34-be57-9e423ba5d74b,T-30200,photo-1.png,image/png,3443,23438625f77ea2fb96a6f89ea94bdc5f4dcd35875b90b0142a0053af32dd9504,tickets/T-30200/9b5a3af6-264c-4e34-be57-9e423ba5d74b/photo-1.png,2026-10-08 19:13:56+00
